No.,Link,Title,Location
1,http://kr.indeed.com/viewjob?jk=e11bc11a4d72cc54,MPK / MPI-SD Joint Postdoctoral Position for Ultrafast Nonli...,대한민국
2,http://kr.indeed.com/viewjob?jk=22e554438bd095b3,[SK 주식회사(C&C)] 2020 상반기 인턴사원 (Data Analy...,성남 분당구
3,http://kr.indeed.com/viewjob?jk=e5dc298b211bf390,웹프로그래머 (FrontEnd) 기업부설연구소 연구원 #python #j...,서울 용산구
4,http://kr.indeed.com/viewjob?jk=640c9858f4f3b2f6,"데이터 분석 및 컨설팅 분야(Python, SAS, 빅데이터-신입)",서울 서초구
5,http://kr.indeed.com/viewjob?jk=e5aea836a6668a48,[SK텔레콤] 2020 신입사원 (무선 Infra (중부)),서울 중구
6,http://kr.indeed.com/viewjob?jk=ce6747e77c861c46,Data Scientist,서울
7,http://kr.indeed.com/viewjob?jk=55a19c92c845685e,Developer / Designer recruit,서울 논현동
8,http://kr.indeed.com/viewjob?jk=184b0b4e3ca1c557,Pricing - Regional Contributions Analyst,서울
9,http://kr.indeed.com/viewjob?jk=a4cf93176abe0ca7,[NICE홀딩스] 2020년 경력직(IT) 수시,서울
10,http://kr.indeed.com/viewjob?jk=af4eba857169ba01,[한국오라클] Data Center Technician (Engineer...,강원도 춘천
11,http://kr.indeed.com/viewjob?jk=752a4b5d63eac97c,Back-end Engineer (Python),서울 강남구
12,http://kr.indeed.com/viewjob?jk=554c2e55cc985488,Data Scientist,서울
13,http://kr.indeed.com/viewjob?jk=fe45bc0fe1e1e87a,데이터 분석 인턴,서울
14,http://kr.indeed.com/viewjob?jk=d7a5d7d67068b597,Django + Python 웹개발,서울 가산디지털단지역
15,http://kr.indeed.com/viewjob?jk=92bd400e3b5306ba,[Search & Clova] Clova AI 인재,대한민국
16,http://kr.indeed.com/viewjob?jk=fb617eeb80ea6fa9,AI/빅데이터 분야 (인재 Pool),서울
17,http://kr.indeed.com/viewjob?jk=42854af9a9301b2e,2016년도 상반기 국립기상과학원 기간제근로자(소프트웨어기사),대한민국
18,http://kr.indeed.com/viewjob?jk=edb85682725166f6,Senior Data Analyst,서울
19,http://kr.indeed.com/viewjob?jk=f83c468b246ce9ef,Student Intern (South Korea),서울
20,http://kr.indeed.com/viewjob?jk=b87ff4aabad6e65e,Process & Data Scientist,대한민국
21,http://kr.indeed.com/viewjob?jk=d6a77ebabfefeba6,2020년 제1회 공무직 근로자 연장,대한민국
22,http://kr.indeed.com/viewjob?jk=c4762719d3d43938,2020년 제1회 예보국 공무직 근로자,대한민국
23,http://kr.indeed.com/viewjob?jk=04d685fc70b67d4e,Linux/Python/PHP/MySQL/백엔드 정규직 경력,용인 보정동
24,http://kr.indeed.com/viewjob?jk=0bce5c7e8c1e521d,[피파온라인4] 테크니컬 아티스트,서울
25,http://kr.indeed.com/viewjob?jk=5ed0334bca0963cb,[Autonomous Driving] Virtual Environment...,대한민국
26,http://kr.indeed.com/viewjob?jk=eb45c08f4c4a43d8,Data Analyst,서울
27,http://kr.indeed.com/viewjob?jk=c2cf32da4ed35d9b,Korea Structuring Junior,대한민국
28,http://kr.indeed.com/viewjob?jk=973e6a135d2e3258,APEC 기후센터 (전산통계 연구원),대한민국
29,http://kr.indeed.com/viewjob?jk=67ca30c143379281,Data Scientist III,서울
30,http://kr.indeed.com/viewjob?jk=628e527f7e9ca158,2018년 제2차 기상레이더센터 연구원(장애인) 특별,대한민국
31,http://kr.indeed.com/viewjob?jk=1a6b3a1ea5050b89,2016년도 국립기상과학원 1분기 연구원(기간제근로자),대한민국
32,http://kr.indeed.com/viewjob?jk=c3c0448a294b2db0,Application Analyst,대전
33,http://kr.indeed.com/viewjob?jk=092d062a6faa7139,데이터 분석가,성남 판교역
34,http://kr.indeed.com/viewjob?jk=1e8b46379b3cc76a,백엔드 개발 인턴,서울
35,http://kr.indeed.com/viewjob?jk=a8b83b3070bb370a,Tech U Associate Technical Trainer - 202...,서울
36,http://kr.indeed.com/viewjob?jk=4da054b52124bed3,AMONDZ 앱/웹 부문별 개발자,서울
37,http://kr.indeed.com/viewjob?jk=7268328c0d71d81c,Junior Full-Stack Developer,서울
38,http://kr.indeed.com/viewjob?jk=1f542078927eb1e4,Data Center Technician,서울
39,http://kr.indeed.com/viewjob?jk=0bbf23c0930be392,Support Engineer,서울
40,http://kr.indeed.com/viewjob?jk=89a689a00d8170bc,Core Researcher,서울
41,http://kr.indeed.com/viewjob?jk=df9e2b3f78d72831,2020년 상반기 각 부문 직원,대전 유성구
42,http://kr.indeed.com/viewjob?jk=b4aa4951852c01f7,"[긴급] C-ITS 등 교통산업 컨설팅, 수주 전략 기획, 제안 ( 과장...",서울
43,http://kr.indeed.com/viewjob?jk=25725b3c0e607311,Junior Quant Trader,서울
44,http://kr.indeed.com/viewjob?jk=aac8e9355cb855ac,[인재풀] 아티스트,서울
45,http://kr.indeed.com/viewjob?jk=5085c1b0a277bf9a,2014년도 국립기상연구소 상반기 연구원(기간제근로자),대한민국
46,http://kr.indeed.com/viewjob?jk=3d941e4b961230cd,2018년도 국가기상위성센터 공무직근로자(연구원),대한민국
47,http://kr.indeed.com/viewjob?jk=e65a195da656bcdc,[동영상플랫폼] 연계형 인턴십,대한민국
48,http://kr.indeed.com/viewjob?jk=8e2147693973f86d,네트워크 보안,성남 판교역
49,http://kr.indeed.com/viewjob?jk=05c41cb8c0456b5e,[긴급] C-ITS 등 교통산업 컨설팅/전략 기획/수주 제안 ( 대리-차...,서울
50,http://kr.indeed.com/viewjob?jk=12a253882c670889,"[긴급] C-ITS 교통산업 컨설팅, 수주 전략 기획, 제안 ( 대리-차...",서울
51,http://kr.indeed.com/viewjob?jk=466ed639df372448,[판교]기술지원,경기도
51,http://kr.indeed.com/viewjob?jk=d9a8d22b38653d34,[인재풀] Central Development Services,서울
52,http://kr.indeed.com/viewjob?jk=5e20315aa45b459f,Senior Business Analysis (Eats Marketing...,서울
53,http://kr.indeed.com/viewjob?jk=71c47ac87bb4087e,기술 인턴 인공지능 응용 연구/개발 인턴,서울 관악구
54,http://kr.indeed.com/viewjob?jk=429b4c445f16fe4f,데이터 분석가(팀원급),서울
55,http://kr.indeed.com/viewjob?jk=c73ca1effb65d557,AD 데이터 분석,성남 서현역
56,http://kr.indeed.com/viewjob?jk=65232d6e37b8f7fb,주니어 데이터 엔지니어 / Junior Data Engineer,서울
57,http://kr.indeed.com/viewjob?jk=56faa77d1c528354,청주기상지청 연구원(기간제 근로자),대한민국
58,http://kr.indeed.com/viewjob?jk=b2c01054f550bdf2,2020 APAC Graduate Programme – Junior Fi...,서울
59,http://kr.indeed.com/viewjob?jk=339f16c3c77753a7,Data Science Engineer (LINE AI Services...,성남 서현역
60,http://kr.indeed.com/viewjob?jk=3b0e3b290f637baf,효성첨단소재(주) 타이어보강재PU 빅데이터 분석 경력사원,대한민국
61,http://kr.indeed.com/viewjob?jk=ff4ad88f9a89b5a5,"Serverless Backend 개발자 Node.js, Python 개...",서울 가산동
62,http://kr.indeed.com/viewjob?jk=b574f1454ae36aab,Cross Border Ecommerce - Business Intell...,서울
63,http://kr.indeed.com/viewjob?jk=55537575b7dd8d87,Physical Implementation Engineer,대한민국
64,http://kr.indeed.com/viewjob?jk=c0386b0f6c835e25,2020년 현대IT&E 경력사원 상시,경기도
65,http://kr.indeed.com/viewjob?jk=40acc204682e5219,R&D 연구원/ 임베디드시스템 개발자,서울 마포구
66,http://kr.indeed.com/viewjob?jk=1eea05b0e37e3c85,Security CSIRT,성남 서현역
67,http://kr.indeed.com/viewjob?jk=166aa0c72e94a266,Business Data Analyst,서울 강남구
68,http://kr.indeed.com/viewjob?jk=649ccf047c868778,"금융 데이터 분석 엔진, 로보어드바이저 개발자",서울 영등포구
69,http://kr.indeed.com/viewjob?jk=8c47e8f334705d2e,Algorithm Application Engineer,경기도
70,http://kr.indeed.com/viewjob?jk=e4e36162481db73f,[인턴] RCS(Risk Consulting Services) 본부 Fo...,서울 강남구
71,http://kr.indeed.com/viewjob?jk=335f9cd948b16a62,기상레이더센터 연구원 및 전문연구요원,대한민국
72,http://kr.indeed.com/viewjob?jk=1c90165f772bc595,Data Scientist(SCM S&OP),서울
73,http://kr.indeed.com/viewjob?jk=917cc06120add6e1,Data Scientist,서울 강남구
74,http://kr.indeed.com/viewjob?jk=f3a14b3f8d9e3e12,네이버 쇼핑검색플랫폼 개발자,대한민국
75,http://kr.indeed.com/viewjob?jk=6330ea418e4347c4,"[긴급] C-ITS 등 교통산업 컨설팅, 수주 전략 기획, 제안 ( 대리...",서울
76,http://kr.indeed.com/viewjob?jk=60698c35cb4af005,2020년도 각 분야별,용인 기흥구
77,http://kr.indeed.com/viewjob?jk=df21e3bb5d773616,Python Programmer,서울 서초구
78,http://kr.indeed.com/viewjob?jk=bfe0f5ac4f32ec89,추천 통계분석/데이터사이언티스트,성남 판교역
79,http://kr.indeed.com/viewjob?jk=464ef95516a5fa5c,8퍼센트 경력 개발자,서울 종로구
80,http://kr.indeed.com/viewjob?jk=a50fce6cc2cb57c9,자연어처리전문가 금융챗봇 만들어 갈 엔지니어,서울 충정로역
81,http://kr.indeed.com/viewjob?jk=7b96b63ac704d98a,AI Scientist - Symbolic AI (Natural Lang...,서울
82,http://kr.indeed.com/viewjob?jk=fd67d04ed1642339,네이버 UGC 데이터 분석/운영 개발자,대한민국
83,http://kr.indeed.com/viewjob?jk=6ed2963730d3c340,Systems Engineer,대전
84,http://kr.indeed.com/viewjob?jk=7af1798e214d4067,Support Engineer _ Devices & IoT,서울
85,http://kr.indeed.com/viewjob?jk=40454c3ae7eb142d,Data Scientist,서울
86,http://kr.indeed.com/viewjob?jk=b085b3c302873fcc,Staff RF Production Test Engineer,서울
87,http://kr.indeed.com/viewjob?jk=8368fdba7fc66f18,데이터분석가(팀장급),서울
88,http://kr.indeed.com/viewjob?jk=8af26b37623864c4,8퍼센트 개발자 (신입/경력),서울 종로구
89,http://kr.indeed.com/viewjob?jk=48ca423ba9cc3be4,Product Test Engineer - GPU,서울
90,http://kr.indeed.com/viewjob?jk=1e5c123915e11399,기상청 영향예보추진팀 공무직 근로자,대한민국
91,http://kr.indeed.com/viewjob?jk=85f673f096abd00e,"빅데이터(Hadoop, Elastic 등) 관련 솔루션 개발 경험자",서울 구로구
92,http://kr.indeed.com/viewjob?jk=3c63bba3ee9b3090,Public Sector Associate Solution Archite...,서울
93,http://kr.indeed.com/viewjob?jk=cae2de07045cfb2b,"Java, Python 영상툴 개발자",서울 마곡동
94,http://kr.indeed.com/viewjob?jk=e1719c3044cb5bd1,정보보안 담당자,성남 분당구
95,http://kr.indeed.com/viewjob?jk=a39853230d5ceca8,Healthcare Real World Data Analyst 담당자,서울
96,http://kr.indeed.com/viewjob?jk=eec4b684cdb38ebd,Pre Sales Engineer,서울
97,http://kr.indeed.com/viewjob?jk=9de4a0959cf183e0,Developer Advocate,서울
98,http://kr.indeed.com/viewjob?jk=35ab7eed75504ccc,기상청 국가태풍센터 공무직 근로자,대한민국
99,http://kr.indeed.com/viewjob?jk=6e366f96a91c2911,기상청(국가태풍센터) 공무직 근로자 (연장),대한민국
100,http://kr.indeed.com/viewjob?jk=e11bc11a4d72cc54,MPK / MPI-SD Joint Postdoctoral Position for Ultrafast Nonli...,대한민국
101,http://kr.indeed.com/viewjob?jk=e11bc11a4d72cc54,MPK / MPI-SD Joint Postdoctoral Position for Ultrafast Nonli...,대한민국
102,http://kr.indeed.com/viewjob?jk=2f64e12e457da027,동대문구 국비 무료 훈련생,서울 동대문구
103,http://kr.indeed.com/viewjob?jk=c98ffc18c7dd2f41,2020년 3차 한국특허정보원 제한경쟁,대전 서구
104,http://kr.indeed.com/viewjob?jk=c74cb22584049144,"R&D Engineer, Sr I",서울
105,http://kr.indeed.com/viewjob?jk=1cf825d234463890,[피파온라인4] 소프트웨어 엔지니어,서울
106,http://kr.indeed.com/viewjob?jk=cf5adbaa505d3af3,APEC 기후센터 직원,대한민국
107,http://kr.indeed.com/viewjob?jk=095ab38379fd63ca,Bioinformatics 정규직,서울 관악구
108,http://kr.indeed.com/viewjob?jk=285996f91e76a862,"NAVER, LINE 서비스 플랫폼 운영",성남 삼평동
109,http://kr.indeed.com/viewjob?jk=8b9cf843dff9f216,근로자(연구원),대한민국
110,http://kr.indeed.com/viewjob?jk=11ea2634feb6fa9d,연구원(기간제 근로자),대한민국
111,http://kr.indeed.com/viewjob?jk=025b367acfd48c2a,파이선 프로그래머,청주 흥덕구
112,http://kr.indeed.com/viewjob?jk=feac8a234b715106,네이버 일본 맛집 서비스 CONOMI 머신러닝 개발자,대한민국
113,http://kr.indeed.com/viewjob?jk=6c6ccc05ec15dc41,Design for Test (DFT) Engineer,대한민국
114,http://kr.indeed.com/viewjob?jk=1937ebb0ea172f08,데이터 엔지니어,서울특별시
115,http://kr.indeed.com/viewjob?jk=4233609a843b5e96,분석지원팀 - 데이터 분석가,성남 분당구
116,http://kr.indeed.com/viewjob?jk=f775c2b405edea87,"Computer Vision Engineer, Perception – A...",서울
117,http://kr.indeed.com/viewjob?jk=fb0d4b29731b536d,백엔드 엔지니어 (e-커머스),서울특별시
118,http://kr.indeed.com/viewjob?jk=f81b03b26abefd26,인공지능AI 기술연구개발(이미지 학습/자동채색/자동번역),성남 분당구
119,http://kr.indeed.com/viewjob?jk=e8397e3a19e81529,2018년도 기후변화감시과 공무직 근로자(연구보조원) 장애인 특별,대한민국
120,http://kr.indeed.com/viewjob?jk=21058dc1123f4f99,기후변화감시과 무기계약 근로자,대한민국
121,http://kr.indeed.com/viewjob?jk=81848f01b547f90b,주니어 데이터 사이언티스트 / Junior Data Scientist,서울
122,http://kr.indeed.com/viewjob?jk=a6a4b500fa0340d4,"Director, Software Engineering (Coupang...",서울
123,http://kr.indeed.com/viewjob?jk=375b9893c3001c55,"Python, C·C++ 가능한 영상처리/비젼 개발자 정규직",성남 수정구
124,http://kr.indeed.com/viewjob?jk=5d4cf1a713fccc2a,룰루랩 전문연구요원 (AI알고리즘),서울 강남구
125,http://kr.indeed.com/viewjob?jk=9d15145d6604ca72,"Lead Software Engineer, TensorFlow",서울
126,http://kr.indeed.com/viewjob?jk=212ca67d161b7162,2020 Market Data Analyst - Seoul (Korean...,서울
127,http://kr.indeed.com/viewjob?jk=c3492b00316bc117,(취업연계) SW 강사양성과정 훈련생,인천 연수구
128,http://kr.indeed.com/viewjob?jk=37d1f6dbb37f8a38,대용량 분산 스토리지 개발자,성남 판교역
129,http://kr.indeed.com/viewjob?jk=94064c6864564f7b,CG Artist,대한민국
130,http://kr.indeed.com/viewjob?jk=1701b26651bb739a,(주)넷타겟 Bio-IT 융합 연구소 AI 연구원,대전 유성구
131,http://kr.indeed.com/viewjob?jk=2615f45e6f912c05,"Customer Solutions Engineer, Global Clie...",서울
132,http://kr.indeed.com/viewjob?jk=37da5b148b2d3ef4,Senior Data Scientist - AWS Professional...,서울
133,http://kr.indeed.com/viewjob?jk=dd8d522117d4afeb,Solutions Architect III - AWS Korea,서울
134,http://kr.indeed.com/viewjob?jk=8e7e6dd1929ae8ab,소프트웨어 그룹 유망계열사 new,경기도
135,http://kr.indeed.com/viewjob?jk=bd1ad6ca3aba3000,데이터 엔지니어 / Data Engineer,서울
136,http://kr.indeed.com/viewjob?jk=e7eaaecde4ce08ae,기간제 근로자,대한민국
137,http://kr.indeed.com/viewjob?jk=f044d9361c664f80,Technical Trainer - Amazon Web Services,서울
138,http://kr.indeed.com/viewjob?jk=8d0b3a79363b5a69,Business Analyst (Search and Discovery A...,서울
139,http://kr.indeed.com/viewjob?jk=385c58c7ced1d77b,데이터 사이언티스트 지향하는 데이터 엔지니어,성남 판교역
140,http://kr.indeed.com/viewjob?jk=530a598184580c95,데스크탑 가상화(VDI) 엔지니어,성남 판교역
141,http://kr.indeed.com/viewjob?jk=ae63a69b12752674,[개발]Data Scientist (정규직),대한민국
142,http://kr.indeed.com/viewjob?jk=c374243f98ecd825,Security Engineer,대한민국
143,http://kr.indeed.com/viewjob?jk=2de6b9bf9a6f3655,[클로젯셰어] 데이터 분석가 (정규직),서울 강남구
144,http://kr.indeed.com/viewjob?jk=273d830a0c62aedd,솔루션 프론트엔드 개발자,성남 분당구
145,http://kr.indeed.com/viewjob?jk=d0ae3cf7638734ac,데이터 사이언티스트 / Data Scientist,서울
146,http://kr.indeed.com/viewjob?jk=178c8cd44e162161,2020년 4월 정기,경기도 안성
147,http://kr.indeed.com/viewjob?jk=039e10f8ff760b78,O2O서비스 커머스 데이터 분석(대리-차장/서울),서울
148,http://kr.indeed.com/viewjob?jk=01283c38dece4a4c,빅데이터 분석가 인턴 모집,안양 호계동
149,http://kr.indeed.com/viewjob?jk=3e617a8ed7934773,Quant 트레이딩 부문,대한민국
150,http://kr.indeed.com/viewjob?jk=eda2098164f2e92f,[메가존] 정보보호 및 개인정보보호 담당자 (신입/경력),서울 강남구
151,http://kr.indeed.com/viewjob?jk=84348b9371558933,[Autonomous Driving] Software Tool Engin...,대한민국
151,http://kr.indeed.com/viewjob?jk=b188dc331e786488,항공기상청 기간제 근로자(연구원),대한민국
152,http://kr.indeed.com/viewjob?jk=498cbbf909edbab6,Global Payment 데이터 분석,성남 판교역
153,http://kr.indeed.com/viewjob?jk=d9086035792f01d0,AI 기반 로봇 서비스 개발 그룹 IT 인프라 구축,서울특별시
154,http://kr.indeed.com/viewjob?jk=7c7f6f9c070d78bd,Robot SW Engineer 그룹 IT인프라 구축,서울특별시
155,http://kr.indeed.com/viewjob?jk=3c70b1ded0c003ef,[KSTEC] 통계/Analytics 경력사원,성남 분당구
156,http://kr.indeed.com/viewjob?jk=d017610d9828199c,"드론 데이터 스타트업, 엔젤스윙 엔지니어",서울 관악구
157,http://kr.indeed.com/viewjob?jk=22a5590c81649937,Senior Technical Consultant,서울
158,http://kr.indeed.com/viewjob?jk=f281c810daf0e10d,카카오 네트워크 엔지니어,성남 판교역
159,http://kr.indeed.com/viewjob?jk=91c9bd778eeb7299,"UI/UX개발/고객행동분석 (Python, GA, Database)",서울 금천구
160,http://kr.indeed.com/viewjob?jk=68ee194a9d487aac,Data Engineer,서울 구로구
161,http://kr.indeed.com/viewjob?jk=898c115c445ae128,Linux Developer,인천
162,http://kr.indeed.com/viewjob?jk=255dc6b8fa2e41ef,CTO 최고기술책임자,서울 강남구
163,http://kr.indeed.com/viewjob?jk=0184fd84022533a6,Datacenter Engineer,서울
164,http://kr.indeed.com/viewjob?jk=116009dbf59211ed,퍼즐데이터 역량있는 데이터 분석가,서울 역삼동
165,http://kr.indeed.com/viewjob?jk=cd826811aa0f2ab5,기술연구소-연구원,서울 금천구
166,http://kr.indeed.com/viewjob?jk=e9332c9aa21fc59c,소프트웨어 엔지니어,성남 분당구
167,http://kr.indeed.com/viewjob?jk=8405cf7fad057a1a,글로벌 소비재기업 APAC담당 Sr. Enterprise Architec...,서울
168,http://kr.indeed.com/viewjob?jk=ae15250b0a7f47e0,데이터 엔지니어,서울 여의도
169,http://kr.indeed.com/viewjob?jk=dcbce45dbe2d3679,Senior Full-Stack Developer,서울
170,http://kr.indeed.com/viewjob?jk=1b0be42764835ab3,Senior Consultant / Applications Enginee...,대전
171,http://kr.indeed.com/viewjob?jk=69bcbac49023acae,2020년 개발자/경영지원,서울 서초구
172,http://kr.indeed.com/viewjob?jk=9fe3fc728aaf80c5,2015년도 하반기 국립기상과학원 연구원(기간제근로자) (마감: 2015...,대한민국
173,http://kr.indeed.com/viewjob?jk=8dfc9993e2aa9160,유저프로파일팀 - 데이터 모델러,성남 분당구
174,http://kr.indeed.com/viewjob?jk=bead3dc73d8a8423,Public 클라우드 환경 AI 플랫폼 상용화/ 구조개선/운영 효율화,서울
175,http://kr.indeed.com/viewjob?jk=9b03fb4dca96750c,2분기 개발자,서울 서초구
176,http://kr.indeed.com/viewjob?jk=d6c05c588971df5a,백엔드 파운트 시스템 엔지니어 (현재 급여수준 이상 보장),서울 충정로역
177,http://kr.indeed.com/viewjob?jk=ecc4154e1f4d28a8,Android Software Engineer,서울
178,http://kr.indeed.com/viewjob?jk=bfc63c0dc39852e3,딥러닝 전문연구요원 특별,성남 수정구
179,http://kr.indeed.com/viewjob?jk=bd47be8c217b1a6e,PDC SW Engineer (R&D Extension),경기도 화성
180,http://kr.indeed.com/viewjob?jk=67a92be234325f85,[해외취업] AI 엔지니어,대한민국
181,http://kr.indeed.com/viewjob?jk=e5098c47e3662580,BI 운영 그룹 주력계열사,서울특별시
182,http://kr.indeed.com/viewjob?jk=21b0caba48832b13,"빅데이터, 데이터분석 신입/경력 정규직",대전 유성구
183,http://kr.indeed.com/viewjob?jk=ff99efe4f7f952d7,"기술연구소 정규직 연력(Java, C++, Python, 기타) 및 ER...",서울
184,http://kr.indeed.com/viewjob?jk=691f61972f31c777,이탈방지팀-서비스 개발자,성남 분당구
185,http://kr.indeed.com/viewjob?jk=07375dc4e800dfa9,추천 시스템 소프트웨어 엔지니어,성남 판교역
186,http://kr.indeed.com/viewjob?jk=1748baa27965fdbf,"MVP 개발 엔지니어(서버, 웹프론트) (정규직, 계약직, 프리랜서)",대전 중구
187,http://kr.indeed.com/viewjob?jk=b3569fc712b87cd9,2019년 기상청 국가태풍센터 공무직 근로자 (연장),대한민국
188,http://kr.indeed.com/viewjob?jk=b5f011215f2f118e,2019년 기상청 국가태풍센터 공무직 근로자,대한민국
189,http://kr.indeed.com/viewjob?jk=79da02e6dfd5d48c,AI 활용방안모색/적용 전략 수립,서울 강남구
190,http://kr.indeed.com/viewjob?jk=ed8f2d4e613fb977,[던전앤파이터] 2D/3D 그래픽 기술개발 부문 (TA/엔진프로그래머/툴...,서울 강남구
191,http://kr.indeed.com/viewjob?jk=0a7351ff51ed5a13,2018년도 국가기상위성센터 공무직근로자(연구원) (전문연구요원 포함),대한민국
192,http://kr.indeed.com/viewjob?jk=e36af236652e8e9d,Data Analyst (CRM),서울
193,http://kr.indeed.com/viewjob?jk=9a9e91ae6092ed2d,Developers,경기도 성남
194,http://kr.indeed.com/viewjob?jk=c079b7ac33a5079e,[유통대기업] 데이터 분석 전문가 (팀장/ 차부장급),서울 강서구
195,http://kr.indeed.com/viewjob?jk=872e4ef109d7872a,Data Analyst (FC & Transportation),서울
196,http://kr.indeed.com/viewjob?jk=8becbf73bbda7c96,2019 Military Service Exemption Position...,울산 언양읍
197,http://kr.indeed.com/viewjob?jk=257110e5aec08f6d,[Search&Clova] Clova 머신러닝 Scientist 개발 신...,대한민국
198,http://kr.indeed.com/viewjob?jk=b2cfcc7d4b79c216,[Search&Clova] Clova 챗봇 Platform 개발 신입/경...,대한민국
199,http://kr.indeed.com/viewjob?jk=a8ed60198075d112,Application Backend Developer,서울
200,http://kr.indeed.com/viewjob?jk=5123207a169f90eb,Software Developer - Front-End / Back-En...,서울
201,http://kr.indeed.com/viewjob?jk=e11bc11a4d72cc54,MPK / MPI-SD Joint Postdoctoral Position for Ultrafast Nonli...,대한민국
201,http://kr.indeed.com/viewjob?jk=83883bfd1f662d69,Data Scientist,서울
202,http://kr.indeed.com/viewjob?jk=3a08c7089343733d,광고팀 - 분석가,성남 분당구
203,http://kr.indeed.com/viewjob?jk=cdb73ed97e74098a,Senior Back-End Developer,서울
204,http://kr.indeed.com/viewjob?jk=8bda582040d41076,데이터분석 전문가 신입·경력·전문연구요원,서울 강남구
205,http://kr.indeed.com/viewjob?jk=4206cd042c6633c1,Software Engineer - Seoul,서울
206,http://kr.indeed.com/viewjob?jk=85929aac498299cc,데이터 사이언스 전문가 및 머신러닝 전문가,성남 판교역
207,http://kr.indeed.com/viewjob?jk=f4a5057bd3043129,웹프론트엔드 개발자,성남 분당구
208,http://kr.indeed.com/viewjob?jk=73ecc36bb6231f81,"Principal, QA Engineer (Seller Portal)",서울
209,http://kr.indeed.com/viewjob?jk=879b70d978f1c14f,안드로이드/ 윈도우서버 스프링 개발자 / 풀스택 개발자 정규직,경상남도
210,http://kr.indeed.com/viewjob?jk=a93153e898855084,2019년도 기후과학국 공무직 근로자,대한민국
211,http://kr.indeed.com/viewjob?jk=5890f6684fe883b7,2019년도 기상청 기후과학국 공무직 근로자 (연장),대한민국
212,http://kr.indeed.com/viewjob?jk=881a1aa0f0646335,Tech U Associate Professional Services C...,서울
213,http://kr.indeed.com/viewjob?jk=424144a5501748e2,"Marketing Data Scientist, Google Profess...",서울
214,http://kr.indeed.com/viewjob?jk=1f31d89542cd4dcf,웹프로그래머 등,서울 용산구
215,http://kr.indeed.com/viewjob?jk=29e3b5646b869f60,[해외취업] 【AI・RPAエンジニア】経験半年の方も歓迎 10ヵ国の技術者が在...,대한민국
216,http://kr.indeed.com/viewjob?jk=e38f22d6852a857a,Sales Engineer (APAC),서울
217,http://kr.indeed.com/viewjob?jk=facdf63dec380743,여행플랫폼 스타트업 데이터연구원 찾습니다.,제주 제주시
218,http://kr.indeed.com/viewjob?jk=4d29dbbb5926d921,글로벌 솔루션 기반 데이터 분석가,서울 송파구
219,http://kr.indeed.com/viewjob?jk=4fbc49b63296ff88,Data Engineer (Analytics/Anomaly-detecti...,성남 서현역
220,http://kr.indeed.com/viewjob?jk=2a4041f0b6aeb27b,"RF SW Engineer, Senior",서울
221,http://kr.indeed.com/viewjob?jk=8b29e16a2f9665f2,"Principal, Strategic Planning",서울
222,http://kr.indeed.com/viewjob?jk=49fa26d981f65ae7,Python 백앤드엔지니어,서울 서초구
223,http://kr.indeed.com/viewjob?jk=cd8ee27085e6a2ff,머신러닝/딥러닝,성남 판교역
224,http://kr.indeed.com/viewjob?jk=2d4bf1cdf35d10ee,"2019년도 제1회 국가기상위성센터 공무직근로자(연구원, 전문연구요원)...",대한민국
225,http://kr.indeed.com/viewjob?jk=ee5df99ada829d81,SI 프로젝트 개발자 (계약직 및 프리랜서),서울 구로구
226,http://kr.indeed.com/viewjob?jk=e1ca66af1280f358,[손보사] 인공지능 개발 (사원~대리급),서울
227,http://kr.indeed.com/viewjob?jk=7f28afa9faba22bd,모바일앱 분석툴 유저해빗 웹개발자,서울 마포구
228,http://kr.indeed.com/viewjob?jk=e08940daf24ccb25,AD Performance Ops,성남 서현역
229,http://kr.indeed.com/viewjob?jk=a771637c0eeffc26,[Search & Clova] NAVER Search 이미지 검색서버개발...,대한민국
230,http://kr.indeed.com/viewjob?jk=9b44934f71fd85f6,신규 글로벌 Entertainmant 서비스 API 서버 개발,성남 정자역
231,http://kr.indeed.com/viewjob?jk=1ea7188c1b87f679,"Principal, Business Analysis (eCommerce...",서울
232,http://kr.indeed.com/viewjob?jk=05ce3c7d5c6c368c,Research Engineer - Machine Learning,서울
233,http://kr.indeed.com/viewjob?jk=eeb027369cdab361,분석 플랫폼 웹 프론트 엔지니어,성남 분당구
234,http://kr.indeed.com/viewjob?jk=a459013391a3d600,Solutions Architect,대한민국
235,http://kr.indeed.com/viewjob?jk=1fed0b76bf278b41,2014년도 국립기상연구소 연구원(기간제근로자) 특별 (기상기후 빅데이터...,대한민국
236,http://kr.indeed.com/viewjob?jk=9bff6cc5a8f53e6e,[개발]웹 서비스 개발자(정규직),대한민국
237,http://kr.indeed.com/viewjob?jk=cc938e6ad2950ab7,[신입/경력] (주)마크로젠 각 부문별 신입/경력 직원,서울 금천구
238,http://kr.indeed.com/viewjob?jk=fa839fed02943ef7,"Technical Specialist, Professional Servi...",서울
239,http://kr.indeed.com/viewjob?jk=01bc879744c28f9c,Support Engineer _ Azure PaaS,서울
240,http://kr.indeed.com/viewjob?jk=200d57cb40c842bc,이브이패스 데이터분석팀 직원,제주 제주시
241,http://kr.indeed.com/viewjob?jk=afe7b6b5181486dd,"프로그래머 _딥러닝,텐서플로우,어플리케이션,웹프로그램,응용프로그램",서울 용산구
242,http://kr.indeed.com/viewjob?jk=cb286253682cb876,[던전앤파이터] 클라이언트 툴 프로그래머,서울 강남구
243,http://kr.indeed.com/viewjob?jk=f65e6c6054606b51,혁신성장 클라우드 아카데미 3기 교육생,서울
244,http://kr.indeed.com/viewjob?jk=1be349138b189f77,[클로젯셰어] 데이터 분석가 (정규직),서울 강남구
245,http://kr.indeed.com/viewjob?jk=27e932628adc768b,[아이콘트롤스] 2020년 경력 직원 (1.모바일App/웹 개발 2.데이...,대한민국
246,http://kr.indeed.com/viewjob?jk=500cf744f1af9b91,Blockchain Software Engineering in Test,성남 서현역
247,http://kr.indeed.com/viewjob?jk=dd4d8e59a4a9265d,Data Specialist (Scientist&&Engineer),서울 마포구
248,http://kr.indeed.com/viewjob?jk=2531a0c578f5ca30,[Robotics] Robot Software Engineer,대한민국
249,http://kr.indeed.com/viewjob?jk=33da210b05e4dac7,"Design Consultant, Sr II",대한민국
250,http://kr.indeed.com/viewjob?jk=dcafe087f86aaa47,경력사원 수시,서울
251,http://kr.indeed.com/viewjob?jk=e11bc11a4d72cc54,MPK / MPI-SD Joint Postdoctoral Position for Ultrafast Nonli...,대한민국
251,http://kr.indeed.com/viewjob?jk=a3a65a4d59061430,위시켓과 함께할 서버개발자님,서울 강남구
252,http://kr.indeed.com/viewjob?jk=f25f49ac012b1984,머신러닝 엔지니어 모집,성남 삼평동
253,http://kr.indeed.com/viewjob?jk=dd06066d79860614,MySQL Engineer,성남 판교역
254,http://kr.indeed.com/viewjob?jk=5699cdfbc747b0bd,2020년 신규 개발자,경상남도
255,http://kr.indeed.com/viewjob?jk=ed01bcce65f5abd3,Mechanical BOP 그룹 유망계열사 new,경기도
256,http://kr.indeed.com/viewjob?jk=9f9852b36fd799d2,청소년 교육프로그램 매니저,서울 염창동
257,http://kr.indeed.com/viewjob?jk=2d5c603043556b81,Marketing Science Director,서울
258,http://kr.indeed.com/viewjob?jk=bf15fe82944586d0,"[긴급] C-ITS 등 교통산업 컨설팅, 수주 전략 기획, 제안 ( 대리...",서울
259,http://kr.indeed.com/viewjob?jk=c6e0b428a62c7eaa,경험최적화파트 - 데이터 사이언티스트/분석가,성남 분당구
260,http://kr.indeed.com/viewjob?jk=37b785f21c60e74f,[Search&Clova] Clova AI 이미지/비디오 인식 모델 개발...,대한민국
261,http://kr.indeed.com/viewjob?jk=882ce3f45214f1b1,Junior and/or Senior Engineers for MySQL...,서울
262,http://kr.indeed.com/viewjob?jk=801392fe044e4ba7,Platform/BSP SW APPS Engineering - Engin...,서울
263,http://kr.indeed.com/viewjob?jk=c2bc15d755c2e44a,제조공정Deep Learning/AI 전문가 대그룹계열제조사,서울특별시
264,http://kr.indeed.com/viewjob?jk=2695294aea6dc3b6,MongoDB Engineer,성남 판교역
265,http://kr.indeed.com/viewjob?jk=faf0422473d4188a,[Search & Clova] Commerce AI 기술 개발 신입/경력...,대한민국
266,http://kr.indeed.com/viewjob?jk=8925ce6bab9d00d6,AI Engineer (바디모션 캡처기술) 인공지능(AI) 연구개발 전문...,경기도
267,http://kr.indeed.com/viewjob?jk=57aa1b90d7626f69,[개발]신사업 프론트 개발자(정규직),대한민국
268,http://kr.indeed.com/viewjob?jk=3e2a310c9dd0f693,[멜론] 빅데이터 서비스 개발자,성남 판교역
269,http://kr.indeed.com/viewjob?jk=2b1c5b35b97700fc,인프라 플랫폼 개발자,서울 구로구
270,http://kr.indeed.com/viewjob?jk=c8a7c9c4022a3544,인프라 플랫폼 개발자,서울 구로구
271,http://kr.indeed.com/viewjob?jk=f915f667e4052f91,Back-end Engineer,서울
272,http://kr.indeed.com/viewjob?jk=9040dba1c8db2a5d,퀀트운용팀 (사원-대리급),대한민국
273,http://kr.indeed.com/viewjob?jk=48090bdf1303bd76,매칭팀 - 데이터분석가,성남 분당구
274,http://kr.indeed.com/viewjob?jk=419692b3ddb34768,Analytics Specialist,서울
275,http://kr.indeed.com/viewjob?jk=61ecdc0ef3cfb66a,[경력] 빅데이터 플랫폼 엔지니어,성남 판교역
276,http://kr.indeed.com/viewjob?jk=af5683389907a8c9,백엔드 개발자 (경력),서울 여의도
277,http://kr.indeed.com/viewjob?jk=7db25ada717266e0,[Search&Clova] Clova AI AiCall 개발자 경력사원,대한민국
278,http://kr.indeed.com/viewjob?jk=518298c796a11371,2020 상반기 개발직군,서울 서초구
279,http://kr.indeed.com/viewjob?jk=8d8caa9ce2b86d80,데이터 분석/엔지니어 모집,성남 삼평동
280,http://kr.indeed.com/viewjob?jk=eaee1538d8cc832f,메시지발송 플랫폼 개발자,성남 분당구
281,http://kr.indeed.com/viewjob?jk=5f3b7800e776da58,Senior Business Analysis (Strategic Plan...,서울
282,http://kr.indeed.com/viewjob?jk=7adfd2b51f057d3a,경력사원 수시,서울
283,http://kr.indeed.com/viewjob?jk=ffd9cedb23e97344,파이썬SW 금융분야 특화 챗봇 개발 함께 할 엔지니어,서울 충정로역
284,http://kr.indeed.com/viewjob?jk=8c8700db243d1a3c,"Application Engineer, Sr II",서울
285,http://kr.indeed.com/viewjob?jk=ae2c6294bc277408,Lead Technical Solutions Engineer,서울
286,http://kr.indeed.com/viewjob?jk=e5c63f4e86ceefda,Technical / UX Writer,서울
287,http://kr.indeed.com/viewjob?jk=d585814d097935eb,카카오톡 보이스톡/페이스톡/라이브톡 개발자,성남 판교역
288,http://kr.indeed.com/viewjob?jk=0a3b0b6dfcd4ea4c,기술지원엔지니어 & 연구개발직,서울 신사동
289,http://kr.indeed.com/viewjob?jk=2cfcbfbe70232dbc,Technical Leader - OPC,경기도 성남
290,http://kr.indeed.com/viewjob?jk=20d40ee61adffeca,챗봇 플랫폼 개발자,성남 판교역
291,http://kr.indeed.com/viewjob?jk=d67619b2f9558d16,빅데이터 플랫폼 운영 (HBase엔지니어),성남 서현역
292,http://kr.indeed.com/viewjob?jk=88b7dece067cd1c6,AI Algorithm Developer,서울 강남구
293,http://kr.indeed.com/viewjob?jk=5f4b405667f04648,[웹프로그래머] JSP 개발자,서울 영등포구
294,http://kr.indeed.com/viewjob?jk=cef60a5a4a42fe95,AD Performance Dev,성남 서현역
295,http://kr.indeed.com/viewjob?jk=719aaaeffd746a04,FPGA 플랫폼 엔지니어(딥러닝 하드웨어 프로세서 개발),성남 분당구
296,http://kr.indeed.com/viewjob?jk=84fd4c2127309eea,[보안]보안솔루션 운영 담당자(정규직),대한민국
297,http://kr.indeed.com/viewjob?jk=05d6f01f9a494a1b,[Robotics] Deep Reinforcement Learning E...,대한민국
298,http://kr.indeed.com/viewjob?jk=08886d865f1ef1f7,"인공지능(AI), 데이터분석 외 신입/경력 계약직",부산 영도구
299,http://kr.indeed.com/viewjob?jk=aa9b2ed0c68a131f,[Search&Clova] Clova AI 이미지/비디오 인식 모델 개발...,대한민국
300,http://kr.indeed.com/viewjob?jk=b7be58e7af38d186,Developer (개발자),경기도 성남
301,http://kr.indeed.com/viewjob?jk=e11bc11a4d72cc54,MPK / MPI-SD Joint Postdoctoral Position for Ultrafast Nonli...,대한민국
301,http://kr.indeed.com/viewjob?jk=dd96dd27e9a7563f,[ 아이콘트롤스 ] 2020년 경력 직원 (1.모바일App/웹 개발 2....,성남 분당구
302,http://kr.indeed.com/viewjob?jk=be6c1f03fa566f8e,추천 시스템 연구/개발,성남 판교역
303,http://kr.indeed.com/viewjob?jk=4fa50f2ffd370bae,AI Engineer (얼굴모션 캡처기술) 인공지능(AI) 연구개발 전문...,경기도
304,http://kr.indeed.com/viewjob?jk=7f0f05a7cbb72be3,[에이치랩] 웹 개발자(Back-end),서울 마포구
305,http://kr.indeed.com/viewjob?jk=fc7028b6cb17fa5b,[라프텔] 서버(백엔드) 개발자,서울
306,http://kr.indeed.com/viewjob?jk=f10477b81840d778,데이터 분석가 / Business Analyst,서울
307,http://kr.indeed.com/viewjob?jk=2892c67308e87f01,Field Data Scientist,경기도
308,http://kr.indeed.com/viewjob?jk=b9974ad79659bb6d,"카카오콘 앱(iOS), 서버 경력 개발자",대한민국
309,http://kr.indeed.com/viewjob?jk=b0e9252f0c2cf6ec,[개발]위메프패션 백엔드 개발자(정규직),대한민국
310,http://kr.indeed.com/viewjob?jk=3fb4aae48999d0c9,"[펜타시큐리티] 보안S/W 개발자 (DB, 웹, 인증, 블록체인, 클라우...",서울 영등포구
311,http://kr.indeed.com/viewjob?jk=a1f9715200a20342,위촉연구원 (에너지통계연구팀),울산
312,http://kr.indeed.com/viewjob?jk=19b44e0d17d112e2,분석실 - 베이지안 분석 전문가,성남 분당구
313,http://kr.indeed.com/viewjob?jk=f0e525b7adc51769,"C#, Python 개발자 모집",서울 개포동
314,http://kr.indeed.com/viewjob?jk=3cc6771ec537db8c,웹 개발자 채용,서울 공덕동
315,http://kr.indeed.com/viewjob?jk=1f7f2b48cf91125b,DBA담당자,서울 강남구
316,http://kr.indeed.com/viewjob?jk=6e4170888fdd92a5,SOFTWARE ENGINEER - BACKEND,서울 강남구
317,http://kr.indeed.com/viewjob?jk=6c1d50662fa2d7f7,서울 강남구 인썸니아 시니어 개발자 및 퍼블리셔,서울 서초구
318,http://kr.indeed.com/viewjob?jk=e010f7780d479126,검색서비스 서버 개발 신입/경력,서울 관악구
319,http://kr.indeed.com/viewjob?jk=ff52e5f9625f8f34,Machine Learning Engineer (LINE AI Servi...,성남 서현역
320,http://kr.indeed.com/viewjob?jk=560f81c17f11a675,[링크업] 글로벌 ERP회사인 Odoo 웹 개발자.,서울 마포구
321,http://kr.indeed.com/viewjob?jk=8e744330952e1893,(인턴십) Robotics Machine Learning Engineer,성남 구미동
322,http://kr.indeed.com/viewjob?jk=1d98c46b4900b7e6,Pipeline TD,서울 서초구
323,http://kr.indeed.com/viewjob?jk=9214061c8bc345b2,FX,서울 서초구
324,http://kr.indeed.com/viewjob?jk=6718bba08ef6e20b,모바일 앱 보안 솔루션 개발부문,서울 용산구
325,http://kr.indeed.com/viewjob?jk=d1e75364ef505c68,"데이터 가치 함께 발굴하실 머신러닝, 통계 모델링 전문가",성남 판교역
326,http://kr.indeed.com/viewjob?jk=06bbc66acfd03d66,[반도체IP 기업] Video Codec HW (Junior/Senior...,서울
327,http://kr.indeed.com/viewjob?jk=48207dae222f8ea9,바디/안전 시스템 제어 설계,대한민국
328,http://kr.indeed.com/viewjob?jk=8d613c012d6dbbcb,[공채] 2020년 수시-R&D센터 (4월19일 마감),경기도 화성
329,http://kr.indeed.com/viewjob?jk=71e0b966bf1531df,검색개발,성남 판교역
330,http://kr.indeed.com/viewjob?jk=9437c9fdc6462773,Data & AI Technical Specialist,서울
331,http://kr.indeed.com/viewjob?jk=85687b250386c4be,qe 소프트웨어 엔지니어,대한민국
332,http://kr.indeed.com/viewjob?jk=0669248c0bee92f0,[손보사] 모바일(App/Web) 개발 (대리~과장급),서울
333,http://kr.indeed.com/viewjob?jk=dbe0f6f7da20d201,"Principal, Back-end Engineer (Seller Por...",서울
334,http://kr.indeed.com/viewjob?jk=4e17fe419583b40b,데이터 분석 및 모델링 (페이코 쿠폰/광고 타겟팅),성남 판교역
335,http://kr.indeed.com/viewjob?jk=e787fde04b998e1a,게임이상탐지팀 서비스 개발자,성남 분당구
336,http://kr.indeed.com/viewjob?jk=2c0226e483779522,시스템 엔지니어링,성남 판교역
337,http://kr.indeed.com/viewjob?jk=deb23c0881100256,FDS 서버 개발,성남 판교역
338,http://kr.indeed.com/viewjob?jk=4a94f2401f999ab6,Data Analyst,서울
339,http://kr.indeed.com/viewjob?jk=b06176c3a7092e0a,Customer Facing Data Scientist,서울
340,http://kr.indeed.com/viewjob?jk=663be407a2dc3442,게임 플랫폼 서버 개발,성남 서현역
341,http://kr.indeed.com/viewjob?jk=d9470ee259f7457b,Cloud Infrastructure Architect,서울
342,http://kr.indeed.com/viewjob?jk=a65baa1929f29393,데이터 플랫폼 개발,성남 판교역
343,http://kr.indeed.com/viewjob?jk=8624753c574a9d25,Lead Application Backend Developer – Mob...,서울
344,http://kr.indeed.com/viewjob?jk=b35da47f5e84c9b4,콘텐츠서비스개발팀 - 데이터분석가,성남 분당구
345,http://kr.indeed.com/viewjob?jk=9fa6357505080fd7,[KSTEC] 2020년 신입 및 경력 (SW개발자),성남 분당구
346,http://kr.indeed.com/viewjob?jk=5f3a399e83a81379,[개발]위메프오 서비스 서버개발자(정규직),대한민국
347,http://kr.indeed.com/viewjob?jk=b310ae647c24f57b,(주)NDSOFT 2020년도 개발자,부산 해운대구
348,http://kr.indeed.com/viewjob?jk=1d95b1dac345f2ca,데이터 분석 및 지표 구축,성남 분당구
349,http://kr.indeed.com/viewjob?jk=963f8d36ec83760b,경영본부 - 회계파트/ 자금파트/ 인사총무파트,서울 강남구
350,http://kr.indeed.com/viewjob?jk=ea3b136c0ff59524,데이터분석가(게임어뷰징 탐지),성남 분당구
351,http://kr.indeed.com/viewjob?jk=e11bc11a4d72cc54,MPK / MPI-SD Joint Postdoctoral Position for Ultrafast Nonli...,대한민국
351,http://kr.indeed.com/viewjob?jk=4d27df0e4df8275e,"스마트팜 환경제어 어플리케이션 개발, 유지보수 프로그래머",고양 삼송역
352,http://kr.indeed.com/viewjob?jk=a3382324e4260dbd,[IT대기업] AI 플랫폼 구조개선/운영 효율화(서울),대전
353,http://kr.indeed.com/viewjob?jk=1a29584d7cf07e69,마케팅 관련 데이터 분석 전문가(대리과장급),서울
354,http://kr.indeed.com/viewjob?jk=98ce457f0c17a02e,Junior and/or Senior S/W Engineers for H...,서울
355,http://kr.indeed.com/viewjob?jk=338660b483fec9e9,"비젼 프로그램 개발, 자동제어 외 경력 정규직",경기도 화성
356,http://kr.indeed.com/viewjob?jk=f79f6cd3e91fcc1a,"Principal, Data Engineer (EDW Data Proce...",서울
357,http://kr.indeed.com/viewjob?jk=c7c315d68ab45e13,TOIION 토이온 전산 인프라 운영 스탭,성남 수정구
358,http://kr.indeed.com/viewjob?jk=9fe6a4ff9c047d0c,IC 설계자동화 (EDA) 소프트웨어 (XMODEL) 모델 개발자 / 응...,서울 서초구
359,http://kr.indeed.com/viewjob?jk=c4a82fa931ad86b2,팀리딩 가능한 응용 프로그램 개발자,서울 송파구
360,http://kr.indeed.com/viewjob?jk=b51ca785a45edf17,Senior Specialist Consultant - AI/ML,서울
361,http://kr.indeed.com/viewjob?jk=475bfcb9fe2956fa,"Solution Architect, Data Scientist - WWF...",서울
362,http://kr.indeed.com/viewjob?jk=b245cdab72782813,커머스 플랫폼 개발 (데이터 엔지니어),성남 서현역
363,http://kr.indeed.com/viewjob?jk=e1cf26d9df2052c9,인공지능 검색서비스 기획,서울
364,http://kr.indeed.com/viewjob?jk=90104004fabe2502,[Search & Clova] 글로벌 콘텐츠 검색/ AI 기술 개발 신입...,대한민국
365,http://kr.indeed.com/viewjob?jk=2e7b4cdaddc82b04,Surfacing,서울 서초구
366,http://kr.indeed.com/viewjob?jk=f36188c12acc84be,[서초동] 웹개발 경력자,서울 서초동
367,http://kr.indeed.com/viewjob?jk=2bd4dbc4b81c0bd3,모바일 뱅킹앱 서비스의 설계/기획 경력 [저축은행그룹 모기업],서울 구로구
368,http://kr.indeed.com/viewjob?jk=f8b1270b1176f7f3,주요정보통신기반시설 취약점분석평가 전문인력(경력직),과천 과천시
369,http://kr.indeed.com/viewjob?jk=94242432ba095bac,기업부설연구소 경력직 연구원(정규직) 공개,서울 구로구
370,http://kr.indeed.com/viewjob?jk=6ecc8058c1538843,데이터플랫폼실 - Software Engineer,성남 분당구
371,http://kr.indeed.com/viewjob?jk=d57b19564ea05138,데이터인프라개발팀 - 데이터 플랫폼 엔지니어,성남 분당구
372,http://kr.indeed.com/viewjob?jk=20ccc59a88ee7847,"대기업(연구센터) Data Scientist 채용, 석사이상",서울
373,http://kr.indeed.com/viewjob?jk=674466316840f8f5,Senior Robotics Software Engineer,서울
374,http://kr.indeed.com/viewjob?jk=c495ae06620d2544,Junior and/or Senior S/W Engineers for C...,서울
375,http://kr.indeed.com/viewjob?jk=b0e563cbee63c282,PHP / 퍼블리셔 / Python / Ruby 개발자 채용( 각 1명...,서울
376,http://kr.indeed.com/viewjob?jk=6fd1a7a454a001bf,Engineering Infrastructure 운영 및 개선,성남 서현역
377,http://kr.indeed.com/viewjob?jk=ee7e4f2e5d69f84c,DRE - Build Engineer,서울
378,http://kr.indeed.com/viewjob?jk=4a51996b0442a445,Sales Manager (Born in the Cloud),서울
379,http://kr.indeed.com/viewjob?jk=04f3458db4cc1f14,데이터 엔지니어,대한민국
380,http://kr.indeed.com/viewjob?jk=d498993697237b33,AI(인공지능) 개발자,서울
381,http://kr.indeed.com/viewjob?jk=2f1e4635d5b17020,AI 플랫폼 구조개선/운영 효율화[IT대기업] (서울 ),대전
382,http://kr.indeed.com/viewjob?jk=3292e81e43884c67,Web 개발(이커머스 파트)_PHP/CodeIgniter/Javascri...,서울 마포구
383,http://kr.indeed.com/viewjob?jk=dc821489255954fd,Developer Advocate,서울
384,http://kr.indeed.com/viewjob?jk=10530ea7d98370b7,Data Scientist (Analytics Modeling Exper...,서울
385,http://kr.indeed.com/viewjob?jk=5faf4a69ab8c86ca,[FEG] 리버스 엔지니어,서울 구로구
386,http://kr.indeed.com/viewjob?jk=c1936b77c8be4bcf,빅데이터 플랫폼 및 BI시스템 구축 그룹 IT계열사,서울특별시
387,http://kr.indeed.com/viewjob?jk=af1c75601986e224,"(주)트윔 개발자(경력직) 빅데이터,영상처리,머신비전/AI 딥러닝",경기도 화성
388,http://kr.indeed.com/viewjob?jk=1a5cda61b51c21b7,SAP Architect,서울
389,http://kr.indeed.com/viewjob?jk=4a426e3ffacd161c,이상탐지팀- 웹프로그래머,성남 분당구
390,http://kr.indeed.com/viewjob?jk=1686bc8fdc03fd84,빅데이터 분석/컨설팅(3년이상 경력),서울
391,http://kr.indeed.com/viewjob?jk=ab157cc80acdbe96,지스트 블록체인인터넷경제연구센터 계약직(연구원),광주 북구
392,http://kr.indeed.com/viewjob?jk=1df8145c549f7bc8,AI기반 Text Analytics 자연어분석텍스트처리(대리-과장급)6-...,서울
393,http://kr.indeed.com/viewjob?jk=6b65a5a35da64ed3,[카카오 클라우드] 클라우드 개발자(Monitoring as a Serv...,성남 판교역
394,http://kr.indeed.com/viewjob?jk=4cd6649710f54e1d,데이터베이스 관리자(DBA) 모집,서울 반포동
395,http://kr.indeed.com/viewjob?jk=6bfe8234bd329ac7,자연어처리/텍스트분석 엔진 개발 및 서비스 개발(대리(6년)-차장급(16...,서울
396,http://kr.indeed.com/viewjob?jk=9b7db1d582a31e2c,딥러닝 소프트웨어 개발자 찾습니다.,서울 서초구
397,http://kr.indeed.com/viewjob?jk=0c1f05a0f45f5b4e,동남아 모바일 대출 기획 및 운영,성남 판교역
398,http://kr.indeed.com/viewjob?jk=07f425a9fb3ee67b,"글로벌 플랫폼 쉴드 개발(인증보안,이상결제,평판 등)",성남 분당구
399,http://kr.indeed.com/viewjob?jk=a6d0f0030a9ad230,링크샵스 플랫폼 개발 및 유지보수 담당,서울 중구
400,http://kr.indeed.com/viewjob?jk=81afc0dbe09f7609,소프트웨어 경력 개발자,제주 제주시
401,http://kr.indeed.com/viewjob?jk=e11bc11a4d72cc54,MPK / MPI-SD Joint Postdoctoral Position for Ultrafast Nonli...,대한민국
401,http://kr.indeed.com/viewjob?jk=fa32e47d04a9f932,모바일 보안,성남 판교역
402,http://kr.indeed.com/viewjob?jk=606646e13ad5c569,Solution Architect,서울
403,http://kr.indeed.com/viewjob?jk=475cc377417d9a5b,데이터수집개발파트,성남 분당구
404,http://kr.indeed.com/viewjob?jk=16dff836029458af,"모바일 앱 서버 개발(Java, Python)",서울
405,http://kr.indeed.com/viewjob?jk=6d479593b544fa68,카카오 전체의 사용자 플랫폼 만들 서버개발자,성남 판교역
406,http://kr.indeed.com/viewjob?jk=dd525f7585490793,"Imaging Scientist, Technology Developmen...",경기도 화성
407,http://kr.indeed.com/viewjob?jk=67e90e28e81d778d,데이터분석,서울
408,http://kr.indeed.com/viewjob?jk=bc4a0e62c7c3d510,테크니컬 아키텍트,서울
409,http://kr.indeed.com/viewjob?jk=ed3686b9c2eea9ad,"Principal, Data Engineer (Pricing Tech)",서울
410,http://kr.indeed.com/viewjob?jk=615168b399422305,Software Engineer - Back-end Web,서울
411,http://kr.indeed.com/viewjob?jk=7bf179a290a157b2,경험최적화파트 - 머신러닝 엔지니어,성남 분당구
412,http://kr.indeed.com/viewjob?jk=d66914db200312e0,TECH U Associate Solutions Architect - 2...,서울
413,http://kr.indeed.com/viewjob?jk=8c6a8ded83187c0e,[반도체IP 기업] ISP 설계/개발 RTL Engineer (Senio...,서울
414,http://kr.indeed.com/viewjob?jk=9adefd165ee3b31f,[반도체IP 기업] Video Codec - RTL Design/Veri...,서울
415,http://kr.indeed.com/viewjob?jk=01cdfff2d55c2fa5,PMIC S/W APPS Engineering – Senior to St...,서울
416,http://kr.indeed.com/viewjob?jk=2cca42ee0951d4be,"Principal, Business Analysis (Coupang Ea...",서울
417,http://kr.indeed.com/viewjob?jk=5ff17b27cd83a1c0,네트워크 자동화 개발자,성남 분당구
418,http://kr.indeed.com/viewjob?jk=692486e7a2b0522e,데브옵스 솔루션 개발자,성남 분당구
419,http://kr.indeed.com/viewjob?jk=b964a03867237f11,백엔드 개발자 경력 (대전),대전 유성구
420,http://kr.indeed.com/viewjob?jk=32e48945651ff494,"서버개발/웹개발/모바일(안드로이드,IOS)",서울 오금동
421,http://kr.indeed.com/viewjob?jk=9b686bf45b28b6ea,[경력] SW개발자 - 정규직,서울 광진구
422,http://kr.indeed.com/viewjob?jk=8da5c72baf146123,Site Engineer (Seoul),서울
423,http://kr.indeed.com/viewjob?jk=7a08f5e589b10a00,"Senior, Software Engineer (Search Qualit...",서울
424,http://kr.indeed.com/viewjob?jk=80d3108dade97b0f,Back-end Developer,서울
425,http://kr.indeed.com/viewjob?jk=7b1bf7ccf8fdf4bb,인공지능 소프트웨어 엔지니어,서울
426,http://kr.indeed.com/viewjob?jk=b1abf6f8058060cd,인공지능 검색/데이터 엔지니어,서울
427,http://kr.indeed.com/viewjob?jk=9b123ff73f89c0e5,[개발]상담시스템 백엔드 개발자(정규직),대한민국
428,http://kr.indeed.com/viewjob?jk=7d85150a375cfacf,[Search & Clova] BigData and AI Platform...,대한민국
429,http://kr.indeed.com/viewjob?jk=06c262a673804071,Senior Data Architect,서울
430,http://kr.indeed.com/viewjob?jk=b51409eeb3546749,[KSTEC] RPA 시스템 개발 경력사원,성남 분당구
431,http://kr.indeed.com/viewjob?jk=2625bdacef9c5d08,"Specialist Solutions Architect III, AI/M...",서울
432,http://kr.indeed.com/viewjob?jk=b59aefbf5af2d7ea,Discovery ML Engineer,서울 서초동
433,http://kr.indeed.com/viewjob?jk=952e0a8d9bac4aea,고성능 게임 피드백 서버 개발,성남 분당구
434,http://kr.indeed.com/viewjob?jk=37127548f83bb7f7,[Search & Clova] 네이버 웹검색 연구/개발 경력사원,대한민국
435,http://kr.indeed.com/viewjob?jk=de6c33bfab4a8e0c,"C#, python 개발자",인천 연수구
436,http://kr.indeed.com/viewjob?jk=67a8b964630b347f,(대기업)자연어처리/텍스트분석 엔진 개발 및 서비스 개발(대리(6년)-차...,서울
437,http://kr.indeed.com/viewjob?jk=f4da103184185deb,백엔드 개발자 경력 (서울),서울 강남구
438,http://kr.indeed.com/viewjob?jk=60097047695d7c71,Text 분석,서울
439,http://kr.indeed.com/viewjob?jk=674370fd38bce0dd,지스트 블록체인경제센터(강남소재) 계약직(연구원),광주 북구
440,http://kr.indeed.com/viewjob?jk=d0491a887a50b32d,프로그래밍 서버개발자,성남 판교동
441,http://kr.indeed.com/viewjob?jk=081ba90fcfa975e3,4G LTE/5G NR Software Engineer,서울 신대방동
442,http://kr.indeed.com/viewjob?jk=ff2f8c996186ab4d,Cloud Application Architect - Profession...,서울
443,http://kr.indeed.com/viewjob?jk=c16d65e660e7e744,"Principal, Data Engineer (Pricing Compet...",서울
444,http://kr.indeed.com/viewjob?jk=5ee29e41129934a3,파이썬 중급개발자,서울 강남구
445,http://kr.indeed.com/viewjob?jk=ad07d6a330fb619a,TOAST Cloud 운영 및 기술지원,성남 판교역
446,http://kr.indeed.com/viewjob?jk=754348a9c3f08d66,Full Stack Developer,서울
447,http://kr.indeed.com/viewjob?jk=49335253c9d14ed4,Software Engineer,성남 분당구
448,http://kr.indeed.com/viewjob?jk=9a44a1a18ab4635c,Cloud Security Engineer,서울
449,http://kr.indeed.com/viewjob?jk=ca46d5dccd5e9d73,Video Analytics(VA) Software Developer,서울
450,http://kr.indeed.com/viewjob?jk=0df2999925f12355,Sr. Back-end Engineer (Query Understandi...,서울
451,http://kr.indeed.com/viewjob?jk=e11bc11a4d72cc54,MPK / MPI-SD Joint Postdoctoral Position for Ultrafast Nonli...,대한민국
451,http://kr.indeed.com/viewjob?jk=794e209e405f4fc0,지스트 블록체인경제센터(강남소재) 계약직연구원,광주 북구
452,http://kr.indeed.com/viewjob?jk=00427fa2d835d4a1,소프트웨어 신입/경력 정규직,경상북도 경산
453,http://kr.indeed.com/viewjob?jk=c499b3dde5c2e196,데이터인프라개발팀 - 데이터 엔지니어,성남 분당구
454,http://kr.indeed.com/viewjob?jk=8461bfe74b0948cf,SW 품질 보증 전문가,서울
455,http://kr.indeed.com/viewjob?jk=a7c68eba65a950aa,지스트 블록체인경제센터 계약직연구원,광주 북구
456,http://kr.indeed.com/viewjob?jk=1d08b973eadc35b8,RTL 및 ASIC 설계 엔지니어(딥러닝 하드웨어 프로세서 개발),성남 분당구
457,http://kr.indeed.com/viewjob?jk=8a15326f80e07c08,Customer Operations Engineering Manager,대한민국
458,http://kr.indeed.com/viewjob?jk=98c2229e57d4ee1f,전기전자컴퓨터공학부(바이오컴퓨팅연구실) 위촉연구원,광주 북구
459,http://kr.indeed.com/viewjob?jk=6863b8ecbee9cb28,Big Data Engineer,서울
460,http://kr.indeed.com/viewjob?jk=2dc48511f09843fa,빅데이터 분석/활용(과~차장),서울
461,http://kr.indeed.com/viewjob?jk=c58a6764306089e9,대기업 검색엔진 개발 (대리과장급),서울
462,http://kr.indeed.com/viewjob?jk=77d8e0149dad533b,블록체인인터넷경제 연구센터 위촉연구원,광주 북구
463,http://kr.indeed.com/viewjob?jk=3e80435be74cd28f,블록체인인터넷경제연구센터 위촉연구원,광주 북구
464,http://kr.indeed.com/viewjob?jk=cbfaf43db43ea8f9,Data engineer,서울 공덕동
465,http://kr.indeed.com/viewjob?jk=ad1bf1198b168944,"[해외취업] 베리텍, 시스템개발자/응용프로그래머",대한민국
466,http://kr.indeed.com/viewjob?jk=204308e277d085e3,DevOps Consultant - Professional Service...,서울
467,http://kr.indeed.com/viewjob?jk=91d6041cfb272f25,(IT인프라) 보안팀 엔지니어,성남 백현동
468,http://kr.indeed.com/viewjob?jk=de763f010a5f1252,IT 솔루션 기업 기술지원 담당자 2명 (경력/신입),서울 강남구
469,http://kr.indeed.com/viewjob?jk=8d09144c7027cb06,[경력직] 클라우드 플랫폼(PaaS) 엔지니어 채용,서울
470,http://kr.indeed.com/viewjob?jk=e58c6fe6fd87f03e,Operations Associate (운영팀원) - 한국,서울
471,http://kr.indeed.com/viewjob?jk=de210ffb5a9ee0c4,카카오톡 신규 서비스 서버 개발자,성남 판교역
472,http://kr.indeed.com/viewjob?jk=dc23e8d8590f10e6,(스마트스터디게임즈) 모바일 앱 개발자,서울 서초동
473,http://kr.indeed.com/viewjob?jk=7096b4877cb564ba,프론트엔드 경력 정규직,성남 분당구
474,http://kr.indeed.com/viewjob?jk=d0ad8d53ad979e23,Software Integration Engineer,서울
475,http://kr.indeed.com/viewjob?jk=04ecc7af1c61ab5a,통계 분석 전문가,서울 강서구
476,http://kr.indeed.com/viewjob?jk=5c6723a17ad467f6,Solutions Architect - Amazon Connect,서울
477,http://kr.indeed.com/viewjob?jk=62d8726bc5e89cf8,"딥러닝, 인공지능(AI) 외 경력 정규직",서울 성동구
478,http://kr.indeed.com/viewjob?jk=10ddf37c7b70f83b,[해외취업] 고급 IT 엔지니어,대한민국
479,http://kr.indeed.com/viewjob?jk=85e39a73f14a3b07,"대기업 딥러닝 / 빅데이터 프로젝트 경력자 (석사학위이상, 근무지-전남)",전라남도 광양
480,http://kr.indeed.com/viewjob?jk=8ae7c240ef7d5f0b,카카오 분석 플랫폼 경력 개발자,성남 판교역
481,http://kr.indeed.com/viewjob?jk=c34f716ce3a4d2d0,IT 강소기업 JAVA 솔루션 개발자 (경력직) (성수동),서울
482,http://kr.indeed.com/viewjob?jk=9f7d7cbe5e172a01,Front-end Developer,서울
483,http://kr.indeed.com/viewjob?jk=3ca47f227f783ee5,저축은행 디지털 LAB,서울 구로구
484,http://kr.indeed.com/viewjob?jk=315c65b8337d3e7a,React Native Developer,서울
485,http://kr.indeed.com/viewjob?jk=e42dff836a3182d7,반응형웹개발자(3년이상),대한민국
486,http://kr.indeed.com/viewjob?jk=750977c97eeed4d5,랩오투원 신입/경력 개발자,부산
487,http://kr.indeed.com/viewjob?jk=1622a08497f8c091,Data Scientist,서울
488,http://kr.indeed.com/viewjob?jk=d2ca1a4025dbb1a7,"기업부설연구소 연구원 (인공지능(AI), 딥러닝), 소프트웨어 개발자 신...",서울 금천구
489,http://kr.indeed.com/viewjob?jk=67503f27b0365593,인간중심 지능형 시스템 연구실 시간제 연구원,광주 북구
490,http://kr.indeed.com/viewjob?jk=281fb1cb3dff0cf8,글로벌&모바일 플랫폼 운영을 담당할 를 합니다.,성남 분당구
491,http://kr.indeed.com/viewjob?jk=93948bea04dc072e,[IT대기업]AI 플랫폼 구조개선/운영 효율화 (서울 ) 대리-차장,서울
492,http://kr.indeed.com/viewjob?jk=78d1ec77f4a5e0dc,기후 분석&모델링연구실 시간제연구원,광주 북구
493,http://kr.indeed.com/viewjob?jk=d9f1c1b5579f37c4,빌링서버 개발자,서울
494,http://kr.indeed.com/viewjob?jk=2900b41c0b091e46,머신러닝 개발자,서울
495,http://kr.indeed.com/viewjob?jk=383d4c8a7156b52b,[카카오 클라우드] 플랫폼 포털 개발자,성남 판교역
496,http://kr.indeed.com/viewjob?jk=08ac4426aa2a7bed,Performance Marketer (SA 중심),서울 강남구
497,http://kr.indeed.com/viewjob?jk=0fea9598510abf0e,Effect Supervisor (경력 10년 이상) Effect Art...,서울 서초구
498,http://kr.indeed.com/viewjob?jk=9cd311595b3e4bea,저축은행 소비자금융 Data Science,서울 구로구
499,http://kr.indeed.com/viewjob?jk=417d3e24bac85b14,Analytics Engineer,서울 삼성동
500,http://kr.indeed.com/viewjob?jk=7772fd53bc80acde,Senior Business Analyst (Retail Program...,서울
501,http://kr.indeed.com/viewjob?jk=e11bc11a4d72cc54,MPK / MPI-SD Joint Postdoctoral Position for Ultrafast Nonli...,대한민국
501,http://kr.indeed.com/viewjob?jk=45a8d1ec64004328,"[해외취업] IT 프로그래머,web개발 엔지니어,Java프로그래머,인프라...",대한민국
502,http://kr.indeed.com/viewjob?jk=05439002712f8135,차세대 광-무선 가입자망 연구센터 연구전담교수,광주 북구
503,http://kr.indeed.com/viewjob?jk=94f2bbbeb53f3458,Database Engineer (Storage Platform),서울
504,http://kr.indeed.com/viewjob?jk=2485e93043545d8a,인간중심 지능형 시스템 연구실 위촉연구원,광주 북구
505,http://kr.indeed.com/viewjob?jk=74c4f418a78c820f,데이터 전문가,서울 삼성동
506,http://kr.indeed.com/viewjob?jk=13513ddad0382808,빅데이터 분석,서울 삼성동
507,http://kr.indeed.com/viewjob?jk=da270a2e37960047,JAVA 개발자 대규모 인재 [광고플랫폼 업계1위/청년친화강소기업],서울 구로구
508,http://kr.indeed.com/viewjob?jk=b2ebc1da56d8b120,GNI 소프트웨어 개발자,울산 북구
509,http://kr.indeed.com/viewjob?jk=142e0b7f51054b43,웹개발자 담당 경력직,서울 송파구
510,http://kr.indeed.com/viewjob?jk=f9ba0aceb3ab191b,Full Stack engineer,서울 공덕동
511,http://kr.indeed.com/viewjob?jk=f5f3bc6e243a4d9e,[유펜솔루션] 웹 크롤링 엔진 개발자 경력 (서울),서울 강남구
512,http://kr.indeed.com/viewjob?jk=9301688209a46cd7,전자상거래 플랫폼 인프라 설계/구축/운영,서울
513,http://kr.indeed.com/viewjob?jk=48dad3996c523b2f,Cloud Platform FrontEnd 개발 (UIE),성남 서현역
514,http://kr.indeed.com/viewjob?jk=9b09565fe78ef392,DX혁신부문 Tech Lab Senior Machine Learning...,서울 강남구
515,http://kr.indeed.com/viewjob?jk=493a39e613f9971a,영상보안 Application 개발 및 수행,서울 중구
516,http://kr.indeed.com/viewjob?jk=33ebcf38f48da430,웹 개발자 (프론트엔드 신입/경력 무관,서울 광진구
517,http://kr.indeed.com/viewjob?jk=6f88041c28b6c1ae,한글 Q&A 시스템 연구 개발 신입/경력사원,서울 관악구
518,http://kr.indeed.com/viewjob?jk=5ecb57c806c47aa0,머신러닝,서울 선릉역
519,http://kr.indeed.com/viewjob?jk=99d1b2e25887707d,기술 지원 및 개발 가능한 Technical Su...,서울 삼성동
520,http://kr.indeed.com/viewjob?jk=e51c8736967894d3,TEST IT,인천 부평구
521,http://kr.indeed.com/viewjob?jk=89d3bffd37a2487a,빅데이터 플랫폼 운영 및 분석구현,서울
522,http://kr.indeed.com/viewjob?jk=7e69dab7e1907f0c,[대기업]System Architecture(시스템 엔지니어)대리 ~ 차...,서울
523,http://kr.indeed.com/viewjob?jk=485b1cd148dc524a,Data Scientist,서울 강남구
524,http://kr.indeed.com/viewjob?jk=ba26ecf33dcf82ad,(경력) 정규직 웹개발자,대전 서구
525,http://kr.indeed.com/viewjob?jk=838599aa8cfbcf47,Video Solution System Engineer,서울
526,http://kr.indeed.com/viewjob?jk=cac18e6bcbee5a21,Front end 개발자,성남 분당구
527,http://kr.indeed.com/viewjob?jk=1fba47127c0552ba,IT 솔루션 기업 SW 개발자 2명 (경력 / 신입),서울 강남구
528,http://kr.indeed.com/viewjob?jk=0ab285258b1cb206,저축은행 앱마케팅팀 데이터분석,서울 구로구
529,http://kr.indeed.com/viewjob?jk=6b86ea39985912b6,TOAST Cloud 사업기획/영업,성남 판교역
530,http://kr.indeed.com/viewjob?jk=3d594f8990d3a797,Cloud System Engineer,서울
531,http://kr.indeed.com/viewjob?jk=c81984fb6cd9a0c6,빅데이터 전략/마케팅 (과~차장),서울 중구
532,http://kr.indeed.com/viewjob?jk=34d498e0e05c5e60,[해외취업] 애리조나에 위치한 물류서비스 회사 #N사 IT 인턴 !,대한민국
533,http://kr.indeed.com/viewjob?jk=ba3e218f3dfb8be7,Security Developer,서울 삼성동
534,http://kr.indeed.com/viewjob?jk=f5db97b4d95cbc04,VP of Engineering,서울
535,http://kr.indeed.com/viewjob?jk=b9d7168d0b32ad3d,"[경력] SW 개발자(FullStack Developer / PHP, M...",서울 광진구
536,http://kr.indeed.com/viewjob?jk=d90b5ba4ce618721,"Sr. Solutions Architect, Storage",서울
537,http://kr.indeed.com/viewjob?jk=c13abffb44505877,NXLog팀 - 소프트웨어 엔지니어,성남 분당구
538,http://kr.indeed.com/viewjob?jk=c56cf399beea5f36,[유펜솔루션] 웹 크롤링 엔진 개발자 경력 (대전),서울 강남구
539,http://kr.indeed.com/viewjob?jk=d04656f25878ddb8,2020년 경력 직원 채용(1.모바일App/웹 개발 2.데이터분석 3.머...,성남 정자동
540,http://kr.indeed.com/viewjob?jk=533b48ae7ceee2ca,(주)웨이브웨어 2020 년도 신입사원 (개발자),대전 유성구
541,http://kr.indeed.com/viewjob?jk=449c79ff66c3925c,Sydney Based Cloud Support Engineer,대한민국
542,http://kr.indeed.com/viewjob?jk=e4a8d8095243c5bb,웹개발자 모집,창원 의창구
543,http://kr.indeed.com/viewjob?jk=d24428ed26f0b058,디지털LAB 신기술파트,서울 구로구
544,http://kr.indeed.com/viewjob?jk=2962f736a95cb7e2,웹 서비스 백엔드(Back-end) 시니어 개발자,서울 금천구
545,http://kr.indeed.com/viewjob?jk=2a1d77bd91952093,(주)엘솔루 개발자,서울
546,http://kr.indeed.com/viewjob?jk=9fa9d498506f86aa,기술영업(신입/경력),대한민국
547,http://kr.indeed.com/viewjob?jk=d04d5965fd332b3e,DW&BI팀 Data Architect,서울
548,http://kr.indeed.com/viewjob?jk=4bd2e836d472ecba,[해외취업] 얼바인 소재 모바일 엑세서리 대기업 하반기 _Front-En...,대한민국
549,http://kr.indeed.com/viewjob?jk=c4e7809eb035c7ee,웹개발팀장,서울 잠실역
550,http://kr.indeed.com/viewjob?jk=9a6c7e28b38178d3,(주)테라젠이텍스 바이오연구소 웹개발자 (정규직),수원 영통구
551,http://kr.indeed.com/viewjob?jk=e11bc11a4d72cc54,MPK / MPI-SD Joint Postdoctoral Position for Ultrafast Nonli...,대한민국
551,http://kr.indeed.com/viewjob?jk=4a1c1ef3e73ebc72,[믹스앤픽스] PHP 웹 개발자 경력직,서울 성동구
552,http://kr.indeed.com/viewjob?jk=703240f1af245dde,Cloud Storage Architect 국내 IT 대기업,서울특별시
553,http://kr.indeed.com/viewjob?jk=92f04fc62c6d6a7a,"Technical Solutions Consultant, Android...",서울
554,http://kr.indeed.com/viewjob?jk=496965b4187575a3,[유통대기업] 데이터 설계 ETL 개발 (대리~차장) 2명,서울
555,http://kr.indeed.com/viewjob?jk=a7b63456fe29200d,서버개발 엔지니어(사원~대리),서울 가산디지털단지역
556,http://kr.indeed.com/viewjob?jk=6ae76a6437a8a2b6,Solution Architecture: Starts-Up/Gaming,서울
557,http://kr.indeed.com/viewjob?jk=c8869aca354714a1,Server Developer(PHP),서울
558,http://kr.indeed.com/viewjob?jk=f8ee4cfdf4dd6934,성장하는 핀테크 스타트업 BackEnd Developer 경력직,서울 강남구
559,http://kr.indeed.com/viewjob?jk=48ace3aa027982bc,Cloud Service 개발 및 운영,성남 서현역
560,http://kr.indeed.com/viewjob?jk=bbf36187bf5002f0,서비스 개발 및 관리,서울
561,http://kr.indeed.com/viewjob?jk=8cf3625826afa063,Data Mining 개발(3년이상 경력),서울
562,http://kr.indeed.com/viewjob?jk=2a022297d291f917,"[해외취업] 중국, RAKUTEN, Senior QA Engineer_M...",대한민국
563,http://kr.indeed.com/viewjob?jk=c193b65defa6a4ec,Web 개발,서울 중구
564,http://kr.indeed.com/viewjob?jk=5b466717bb497876,"JAVA, PHP 외 경력 정규직",서울 영등포구
565,http://kr.indeed.com/viewjob?jk=449e0f73f32c6c7a,Cloud 서비스 (Infra as a Service) 개발자 (경력),성남 판교역
566,http://kr.indeed.com/viewjob?jk=399cec6cd2a3b85b,산업용 S/W 프로그래밍 및 개발 전문연구요원 (병역특례),성남 중원구
567,http://kr.indeed.com/viewjob?jk=94186b23eca3f106,Client Software Engineer - NFS (코어 엔지니어),서울 강남구
568,http://kr.indeed.com/viewjob?jk=d425b24146af3fa1,지구·환경공학부 환경시스템공학 연구실 위촉연구원,광주 북구
569,http://kr.indeed.com/viewjob?jk=a6df161cf8e96140,게임 딥러닝 AI 개발,성남 분당구
570,http://kr.indeed.com/viewjob?jk=220551aa57f5eed8,Technical Artist,서울 강남구
571,http://kr.indeed.com/viewjob?jk=a72ab5e8773b9ad8,빅데이터 개발(3년이상 경력),서울
572,http://kr.indeed.com/viewjob?jk=79da9b878d3d8709,저축은행 다이랙트마케팅팀 데이터분석,서울 구로구
573,http://kr.indeed.com/viewjob?jk=516545e5882be38c,시스템 엔지니어,서울 삼성동
574,http://kr.indeed.com/viewjob?jk=bfb3ee6d45d67013,저축은행 디지털금융본부 Data Science 팀 CSS운영 경력자,서울 구로구
575,http://kr.indeed.com/viewjob?jk=9681ee519a4f870e,게임밸런스 (게임 시뮬레이터),성남 분당구
576,http://kr.indeed.com/viewjob?jk=35cefd4d91c7b366,저축은행 앱마케팅팀,서울 구로구
577,http://kr.indeed.com/viewjob?jk=5d6f265e064496e0,ICT 서비스본부 디지털LAB,서울 구로구
578,http://kr.indeed.com/viewjob?jk=6561c937add50cc4,SW 개발,서울 신논현역
579,http://kr.indeed.com/viewjob?jk=33fbfcd01ae23602,시스템 프로그래머,서울
580,http://kr.indeed.com/viewjob?jk=311976c5906e5c25,웹/응용프로그래머[JAVA],서울 성수동
581,http://kr.indeed.com/viewjob?jk=de242c6c5e9207a9,응용프로그래머[JAVA],서울 성수동
582,http://kr.indeed.com/viewjob?jk=18d4b759113240ca,개인화 추천서비스 개발,서울 삼성동
583,http://kr.indeed.com/viewjob?jk=50d0ae3f24a94532,"로봇관련, R&D_로봇 Skill 개발",경기도 수원
584,http://kr.indeed.com/viewjob?jk=a979e53aa387868c,보안개발자(ASAP),서울 삼성동
585,http://kr.indeed.com/viewjob?jk=dcc2877b33c5b511,보안 개발전문가,서울 삼성동
586,http://kr.indeed.com/viewjob?jk=6373005ce9ee17b0,cloud/saas개발,서울
587,http://kr.indeed.com/viewjob?jk=81acb0a951cdde98,파이썬/자바스크립트 경력 정규직,서울 강남구
588,http://kr.indeed.com/viewjob?jk=f77d3487d877324a,저축은행 소비자금융 Data Science 팀,서울 구로구
589,http://kr.indeed.com/viewjob?jk=4801b7535e8bc40d,서버 개발(사원~과장급),서울 가산디지털단지역
590,http://kr.indeed.com/viewjob?jk=509e7ab10e54f962,디지털마케팅본부 수신상품 기획 및 전략수립 경력자,서울
591,http://kr.indeed.com/viewjob?jk=a758b91ea2f0dd2b,SW개발 매니저,서울 삼성동
592,http://kr.indeed.com/viewjob?jk=4504dad34421e282,서버 개발자,서울 강남구
593,http://kr.indeed.com/viewjob?jk=806b07d4b07e4c47,SW Architect,서울 신논현역
594,http://kr.indeed.com/viewjob?jk=2936adf2a7318db5,웹개발자,서울 잠실역
595,http://kr.indeed.com/viewjob?jk=074bbbc1b7c4d596,저축은행 디지털마케팅본부 데이터분석 경력자,서울 구로구
596,http://kr.indeed.com/viewjob?jk=51dcabafcf7a0bb0,저축은행 디지털뱅킹팀 데이터분석,서울 구로구
597,http://kr.indeed.com/viewjob?jk=ea7a7ab6e15151c1,WaveBridge BackEnd Developer 경력직,서울 강남구
598,http://kr.indeed.com/viewjob?jk=6f5f95ef23cb05f8,시니어 백엔드 개발자(Senior Back-end Developer),서울 청담동
599,http://kr.indeed.com/viewjob?jk=8c4e16d1785c009f,"웹/모바일 기반 벡엔드/프론트엔드 개발_대리, 과장급_대기업",대한민국
600,http://kr.indeed.com/viewjob?jk=7376f377161ea4f2,저축은행 소비자금융본부 Data Science 팀,서울 구로구
601,http://kr.indeed.com/viewjob?jk=e11bc11a4d72cc54,MPK / MPI-SD Joint Postdoctoral Position for Ultrafast Nonli...,대한민국
601,http://kr.indeed.com/viewjob?jk=7aba45ffde3ad6ee,Ericsson-LG Enterprise 경력 개발자 (추가 ),서울 금천구
602,http://kr.indeed.com/viewjob?jk=53ced11b1e0addce,저축은행 디지털뱅킹팀 데이터분석 경력,서울 구로구
603,http://kr.indeed.com/viewjob?jk=ea2cf2a5e929b0ee,TOAST Cloud 플랫폼 및 서비스 개발,성남 판교역
604,http://kr.indeed.com/viewjob?jk=caccb1d9be6bc918,운영(Business Operation Management) 경력자,서울 성동구
605,http://kr.indeed.com/viewjob?jk=2d6e7d69a6ba52d6,전산팀 개발 담당,서울 역삼동
606,http://kr.indeed.com/viewjob?jk=3da2537c07ea7706,Platform server 개발자,성남 분당구
607,http://kr.indeed.com/viewjob?jk=989584aa51f96aa1,SW개발(3명),서울 삼성동
608,http://kr.indeed.com/viewjob?jk=5620b1845a6fad85,Microsoft 기술지원(Azure),서울 논현동
609,http://kr.indeed.com/viewjob?jk=fe69337a085bae5b,Linux 서버 개발자,성남 판교역
610,http://kr.indeed.com/viewjob?jk=7bb1e2b604c071e6,[글로벌 Vacuum Pump 제조사] S/W Test Engineer...,천안 서북구
611,http://kr.indeed.com/viewjob?jk=a2089ff8a19a429f,Fullstack SW개발자,성남 판교역
612,http://kr.indeed.com/viewjob?jk=43bf0c7e2b10e9b5,Operations Manager (운영팀장) - 한국,서울
613,http://kr.indeed.com/viewjob?jk=4e0b7f602fa05487,DevOps Developer(Cloud),서울 논현동
614,http://kr.indeed.com/viewjob?jk=8af16ddc1e1a33b3,DevOps 엔지니어(과장~차장급),성남 판교역
615,http://kr.indeed.com/viewjob?jk=e11bc11a4d72cc54,MPK / MPI-SD Joint Postdoctoral Position for Ultrafast Nonli...,대한민국
