No,Link,title
0,https://kr.indeed.com/viewjob?jk=e11bc11a4d72cc54,MPK / MPI-SD Joint Postdoctoral Position for Ultrafast Nonli...
1,https://kr.indeed.com/viewjob?jk=5097493c448964f7,[SK 주식회사(C&C)] 2020 상반기 인턴사원 (Software E...
2,https://kr.indeed.com/viewjob?jk=e5dc298b211bf390,웹프로그래머 (FrontEnd) 기업부설연구소 연구원 #python #j...
3,https://kr.indeed.com/viewjob?jk=f83c468b246ce9ef,Student Intern (South Korea)
4,https://kr.indeed.com/viewjob?jk=e4e36162481db73f,[인턴] RCS(Risk Consulting Services) 본부 Fo...
5,https://kr.indeed.com/viewjob?jk=ce6747e77c861c46,Data Scientist
6,https://kr.indeed.com/viewjob?jk=092d062a6faa7139,데이터 분석가
7,https://kr.indeed.com/viewjob?jk=fe45bc0fe1e1e87a,데이터 분석 인턴
8,https://kr.indeed.com/viewjob?jk=973e6a135d2e3258,APEC 기후센터 (전산통계 연구원)
9,https://kr.indeed.com/viewjob?jk=d6a77ebabfefeba6,2020년 제1회 공무직 근로자 연장
10,https://kr.indeed.com/viewjob?jk=c4762719d3d43938,2020년 제1회 예보국 공무직 근로자
11,https://kr.indeed.com/viewjob?jk=b87ff4aabad6e65e,Process & Data Scientist
12,https://kr.indeed.com/viewjob?jk=184b0b4e3ca1c557,Pricing - Regional Contributions Analyst
13,https://kr.indeed.com/viewjob?jk=92bd400e3b5306ba,[Search & Clova] Clova AI 인재
14,https://kr.indeed.com/viewjob?jk=285996f91e76a862,"NAVER, LINE 서비스 플랫폼 운영"
15,https://kr.indeed.com/viewjob?jk=c2cf32da4ed35d9b,Korea Structuring Junior
16,https://kr.indeed.com/viewjob?jk=498cbbf909edbab6,Global Payment 데이터 분석
17,https://kr.indeed.com/viewjob?jk=0bbf23c0930be392,Support Engineer
18,https://kr.indeed.com/viewjob?jk=554c2e55cc985488,Data Scientist
19,https://kr.indeed.com/viewjob?jk=9b44934f71fd85f6,신규 글로벌 Entertainmant 서비스 API 서버 개발
20,https://kr.indeed.com/viewjob?jk=fb617eeb80ea6fa9,AI/빅데이터 분야 (인재 Pool)
21,https://kr.indeed.com/viewjob?jk=55a19c92c845685e,Developer / Designer recruit
22,https://kr.indeed.com/viewjob?jk=339f16c3c77753a7,Data Science Engineer (LINE AI Services...
23,https://kr.indeed.com/viewjob?jk=40acc204682e5219,R&D 연구원/ 임베디드시스템 개발자
24,https://kr.indeed.com/viewjob?jk=1701b26651bb739a,(주)넷타겟 Bio-IT 융합 연구소 AI 연구원
25,https://kr.indeed.com/viewjob?jk=c3c0448a294b2db0,Application Analyst
26,https://kr.indeed.com/viewjob?jk=a4cf93176abe0ca7,[NICE홀딩스] 2020년 경력직(IT) 수시
27,https://kr.indeed.com/viewjob?jk=bfe0f5ac4f32ec89,추천 통계분석/데이터사이언티스트
28,https://kr.indeed.com/viewjob?jk=71c47ac87bb4087e,기술 인턴 인공지능 응용 연구/개발 인턴
29,https://kr.indeed.com/viewjob?jk=f81b03b26abefd26,인공지능AI 기술연구개발(이미지 학습/자동채색/자동번역)
30,https://kr.indeed.com/viewjob?jk=01283c38dece4a4c,빅데이터 분석가 인턴 모집
31,https://kr.indeed.com/viewjob?jk=e65a195da656bcdc,[동영상플랫폼] 연계형 인턴십
32,https://kr.indeed.com/viewjob?jk=37d1f6dbb37f8a38,대용량 분산 스토리지 개발자
33,https://kr.indeed.com/viewjob?jk=af4eba857169ba01,[한국오라클] Data Center Technician (Engineer...
34,https://kr.indeed.com/viewjob?jk=e5aea836a6668a48,[SK텔레콤] 2020 신입사원 (무선 Infra (중부))
35,https://kr.indeed.com/viewjob?jk=1eea05b0e37e3c85,Security CSIRT
36,https://kr.indeed.com/viewjob?jk=640c9858f4f3b2f6,"데이터 분석 및 컨설팅 분야(Python, SAS, 빅데이터-신입)"
37,https://kr.indeed.com/viewjob?jk=c98ffc18c7dd2f41,2020년 3차 한국특허정보원 제한경쟁
38,https://kr.indeed.com/viewjob?jk=178c8cd44e162161,2020년 4월 정기
39,https://kr.indeed.com/viewjob?jk=05c41cb8c0456b5e,[긴급] C-ITS 등 교통산업 컨설팅/전략 기획/수주 제안 ( 대리-차...
40,https://kr.indeed.com/viewjob?jk=9a9e91ae6092ed2d,Developers
41,https://kr.indeed.com/viewjob?jk=67ca30c143379281,Data Scientist III
42,https://kr.indeed.com/viewjob?jk=0a7351ff51ed5a13,2018년도 국가기상위성센터 공무직근로자(연구원) (전문연구요원 포함)
43,https://kr.indeed.com/viewjob?jk=e8397e3a19e81529,2018년도 기후변화감시과 공무직 근로자(연구보조원) 장애인 특별
44,https://kr.indeed.com/viewjob?jk=b310ae647c24f57b,(주)NDSOFT 2020년도 개발자
45,https://kr.indeed.com/viewjob?jk=e1719c3044cb5bd1,정보보안 담당자
46,https://kr.indeed.com/viewjob?jk=6c346ffe57e932a4,2018년도 국가기상위성센터 공무직근로자(연구원)
47,https://kr.indeed.com/viewjob?jk=9fa6357505080fd7,[KSTEC] 2020년 신입 및 경력 (SW개발자)
48,https://kr.indeed.com/viewjob?jk=35ab7eed75504ccc,기상청 국가태풍센터 공무직 근로자
49,https://kr.indeed.com/viewjob?jk=6e366f96a91c2911,기상청(국가태풍센터) 공무직 근로자 (연장)
50,https://kr.indeed.com/viewjob?jk=1f151b0647fc74c5,[비즈플랫폼개발] 네이버 글로벌 광고 데이터/AI 엔지니어
0,https://kr.indeed.com/viewjob?jk=eb45c08f4c4a43d8,Data Analyst
1,https://kr.indeed.com/viewjob?jk=aac8e9355cb855ac,[인재풀] 아티스트
2,https://kr.indeed.com/viewjob?jk=273d830a0c62aedd,솔루션 프론트엔드 개발자
3,https://kr.indeed.com/viewjob?jk=d7a5d7d67068b597,Django + Python 웹개발
4,https://kr.indeed.com/viewjob?jk=fd67d04ed1642339,네이버 UGC 데이터 분석/운영 개발자
5,https://kr.indeed.com/viewjob?jk=60698c35cb4af005,2020년도 각 분야별
6,https://kr.indeed.com/viewjob?jk=04d685fc70b67d4e,Linux/Python/PHP/MySQL/백엔드 정규직 경력
7,https://kr.indeed.com/viewjob?jk=6ed2963730d3c340,Systems Engineer
8,https://kr.indeed.com/viewjob?jk=07375dc4e800dfa9,추천 시스템 소프트웨어 엔지니어
9,https://kr.indeed.com/viewjob?jk=500cf744f1af9b91,Blockchain Software Engineering in Test
10,https://kr.indeed.com/viewjob?jk=4233609a843b5e96,분석지원팀 - 데이터 분석가
11,https://kr.indeed.com/viewjob?jk=2615f45e6f912c05,"Customer Solutions Engineer, Global Clie..."
12,https://kr.indeed.com/viewjob?jk=5e20315aa45b459f,Senior Business Analysis (Eats Marketing...
13,https://kr.indeed.com/viewjob?jk=a3382324e4260dbd,[IT대기업] AI 플랫폼 구조개선/운영 효율화(서울)
14,https://kr.indeed.com/viewjob?jk=1e8b46379b3cc76a,백엔드 개발 인턴
15,https://kr.indeed.com/viewjob?jk=cf5adbaa505d3af3,APEC 기후센터 직원
16,https://kr.indeed.com/viewjob?jk=5ed0334bca0963cb,[Autonomous Driving] Virtual Environment...
17,https://kr.indeed.com/viewjob?jk=bd092e6a029e144c,2016년도 상반기 국립기상과학원 기간제근로자(소프트웨어기사)
18,https://kr.indeed.com/viewjob?jk=7268328c0d71d81c,Junior Full-Stack Developer
19,https://kr.indeed.com/viewjob?jk=f3a14b3f8d9e3e12,네이버 쇼핑검색플랫폼 개발자
20,https://kr.indeed.com/viewjob?jk=335f9cd948b16a62,기상레이더센터 연구원 및 전문연구요원
21,https://kr.indeed.com/viewjob?jk=8b9cf843dff9f216,근로자(연구원)
22,https://kr.indeed.com/viewjob?jk=cef60a5a4a42fe95,AD Performance Dev
23,https://kr.indeed.com/viewjob?jk=691f61972f31c777,이탈방지팀-서비스 개발자
24,https://kr.indeed.com/viewjob?jk=be6c1f03fa566f8e,추천 시스템 연구/개발
25,https://kr.indeed.com/viewjob?jk=2d4bf1cdf35d10ee,"2019년도 제1회 국가기상위성센터 공무직근로자(연구원, 전문연구요원)..."
26,https://kr.indeed.com/viewjob?jk=f281c810daf0e10d,카카오 네트워크 엔지니어
27,https://kr.indeed.com/viewjob?jk=0bce5c7e8c1e521d,[피파온라인4] 테크니컬 아티스트
28,https://kr.indeed.com/viewjob?jk=cc938e6ad2950ab7,[신입/경력] (주)마크로젠 각 부문별 신입/경력 직원
29,https://kr.indeed.com/viewjob?jk=6330ea418e4347c4,"[긴급] C-ITS 등 교통산업 컨설팅, 수주 전략 기획, 제안 ( 대리..."
30,https://kr.indeed.com/viewjob?jk=8becbf73bbda7c96,2019 Military Service Exemption Position...
31,https://kr.indeed.com/viewjob?jk=37b785f21c60e74f,[Search&Clova] Clova AI 이미지/비디오 인식 모델 개발...
32,https://kr.indeed.com/viewjob?jk=21058dc1123f4f99,기후변화감시과 무기계약 근로자
33,https://kr.indeed.com/viewjob?jk=c73ca1effb65d557,AD 데이터 분석
34,https://kr.indeed.com/viewjob?jk=7af1798e214d4067,Support Engineer _ Devices & IoT
35,https://kr.indeed.com/viewjob?jk=b188dc331e786488,항공기상청 기간제 근로자(연구원)
36,https://kr.indeed.com/viewjob?jk=466ed639df372448,[판교]기술지원
37,https://kr.indeed.com/viewjob?jk=e08940daf24ccb25,AD Performance Ops
38,https://kr.indeed.com/viewjob?jk=cd826811aa0f2ab5,기술연구소-연구원
39,https://kr.indeed.com/viewjob?jk=530a598184580c95,데스크탑 가상화(VDI) 엔지니어
40,https://kr.indeed.com/viewjob?jk=d67619b2f9558d16,빅데이터 플랫폼 운영 (HBase엔지니어)
41,https://kr.indeed.com/viewjob?jk=752a4b5d63eac97c,Back-end Engineer (Python)
42,https://kr.indeed.com/viewjob?jk=b2c01054f550bdf2,2020 APAC Graduate Programme – Junior Fi...
43,https://kr.indeed.com/viewjob?jk=65232d6e37b8f7fb,주니어 데이터 엔지니어 / Junior Data Engineer
44,https://kr.indeed.com/viewjob?jk=b7be58e7af38d186,Developer (개발자)
45,https://kr.indeed.com/viewjob?jk=8b33380c13b9f0c0,2018년 제2차 기상레이더센터 연구원(장애인) 특별
46,https://kr.indeed.com/viewjob?jk=8d5e8868e681137d,연구원(기간제 근로자)
47,https://kr.indeed.com/viewjob?jk=be4a3b0218d8ec82,청주기상지청 연구원(기간제 근로자)
48,https://kr.indeed.com/viewjob?jk=ff52e5f9625f8f34,Machine Learning Engineer (LINE AI Servi...
49,https://kr.indeed.com/viewjob?jk=649ccf047c868778,"금융 데이터 분석 엔진, 로보어드바이저 개발자"
50,https://kr.indeed.com/viewjob?jk=e11bc11a4d72cc54,MPK / MPI-SD Joint Postdoctoral Position for Ultrafast Nonli...
0,https://kr.indeed.com/viewjob?jk=e11bc11a4d72cc54,MPK / MPI-SD Joint Postdoctoral Position for Ultrafast Nonli...
1,https://kr.indeed.com/viewjob?jk=b3569fc712b87cd9,2019년 기상청 국가태풍센터 공무직 근로자 (연장)
2,https://kr.indeed.com/viewjob?jk=b5f011215f2f118e,2019년 기상청 국가태풍센터 공무직 근로자
3,https://kr.indeed.com/viewjob?jk=237f5d9102ee9211,[경력] AMONDZ 앱/웹 부문별 개발자
4,https://kr.indeed.com/viewjob?jk=3a08c7089343733d,광고팀 - 분석가
5,https://kr.indeed.com/viewjob?jk=e9332c9aa21fc59c,소프트웨어 엔지니어
6,https://kr.indeed.com/viewjob?jk=1b0be42764835ab3,Senior Consultant / Applications Enginee...
7,https://kr.indeed.com/viewjob?jk=57aa1b90d7626f69,[개발]신사업 프론트 개발자(정규직)
8,https://kr.indeed.com/viewjob?jk=d1cb21d59241e28f,[경력] 주얼리테크 비주얼 각부문 경력직
9,https://kr.indeed.com/viewjob?jk=429b4c445f16fe4f,데이터 분석가(팀원급)
10,https://kr.indeed.com/viewjob?jk=20d40ee61adffeca,챗봇 플랫폼 개발자
11,https://kr.indeed.com/viewjob?jk=e7eaaecde4ce08ae,기간제 근로자
12,https://kr.indeed.com/viewjob?jk=212ca67d161b7162,2020 Market Data Analyst - Seoul (Korean...
13,https://kr.indeed.com/viewjob?jk=deb23c0881100256,FDS 서버 개발
14,https://kr.indeed.com/viewjob?jk=663be407a2dc3442,게임 플랫폼 서버 개발
15,https://kr.indeed.com/viewjob?jk=b245cdab72782813,커머스 플랫폼 개발 (데이터 엔지니어)
16,https://kr.indeed.com/viewjob?jk=1937ebb0ea172f08,데이터 엔지니어
17,https://kr.indeed.com/viewjob?jk=d585814d097935eb,카카오톡 보이스톡/페이스톡/라이브톡 개발자
18,https://kr.indeed.com/viewjob?jk=eeb027369cdab361,분석 플랫폼 웹 프론트 엔지니어
19,https://kr.indeed.com/viewjob?jk=1f542078927eb1e4,Data Center Technician
20,https://kr.indeed.com/viewjob?jk=85929aac498299cc,데이터 사이언스 전문가 및 머신러닝 전문가
21,https://kr.indeed.com/viewjob?jk=c0386b0f6c835e25,2020년 현대IT&E 경력사원 상시
22,https://kr.indeed.com/viewjob?jk=8c47e8f334705d2e,Algorithm Application Engineer
23,https://kr.indeed.com/viewjob?jk=9fe3fc728aaf80c5,2015년도 하반기 국립기상과학원 연구원(기간제근로자) (마감: 2015...
24,https://kr.indeed.com/viewjob?jk=432b169b273d9964,"R&D Engineer, Sr I"
25,https://kr.indeed.com/viewjob?jk=eaee1538d8cc832f,메시지발송 플랫폼 개발자
26,https://kr.indeed.com/viewjob?jk=ff4ad88f9a89b5a5,"Serverless Backend 개발자 Node.js, Python 개..."
27,https://kr.indeed.com/viewjob?jk=2c2379806fc3c528,System Administrator 2-IT (Datacenter En...
28,https://kr.indeed.com/viewjob?jk=6299e3d95f69ee73,2014년도 국립기상연구소 상반기 연구원(기간제근로자)
29,https://kr.indeed.com/viewjob?jk=cd8ee27085e6a2ff,머신러닝/딥러닝
30,https://kr.indeed.com/viewjob?jk=1fed0b76bf278b41,2014년도 국립기상연구소 연구원(기간제근로자) 특별 (기상기후 빅데이터...
31,https://kr.indeed.com/viewjob?jk=4fbc49b63296ff88,Data Engineer (Analytics/Anomaly-detecti...
32,https://kr.indeed.com/viewjob?jk=b0e9252f0c2cf6ec,[개발]위메프패션 백엔드 개발자(정규직)
33,https://kr.indeed.com/viewjob?jk=33da210b05e4dac7,"Design Consultant, Sr II"
34,https://kr.indeed.com/viewjob?jk=a8b83b3070bb370a,Tech U Associate Technical Trainer - 202...
35,https://kr.indeed.com/viewjob?jk=f775c2b405edea87,"Computer Vision Engineer, Perception – A..."
36,https://kr.indeed.com/viewjob?jk=eec4b684cdb38ebd,Pre Sales Engineer
37,https://kr.indeed.com/viewjob?jk=a39853230d5ceca8,Healthcare Real World Data Analyst 담당자
38,https://kr.indeed.com/viewjob?jk=166aa0c72e94a266,Business Data Analyst
39,https://kr.indeed.com/viewjob?jk=77955be6154ad8d6,2016년도 국립기상과학원 1분기 연구원(기간제근로자)
40,https://kr.indeed.com/viewjob?jk=48090bdf1303bd76,매칭팀 - 데이터분석가
41,https://kr.indeed.com/viewjob?jk=3e2a310c9dd0f693,[멜론] 빅데이터 서비스 개발자
42,https://kr.indeed.com/viewjob?jk=feac8a234b715106,네이버 일본 맛집 서비스 CONOMI 머신러닝 개발자
43,https://kr.indeed.com/viewjob?jk=2a4041f0b6aeb27b,RF SW Engineer
44,https://kr.indeed.com/viewjob?jk=385c58c7ced1d77b,데이터 사이언티스트 지향하는 데이터 엔지니어
45,https://kr.indeed.com/viewjob?jk=71e0b966bf1531df,검색개발
46,https://kr.indeed.com/viewjob?jk=375b9893c3001c55,"Python, C·C++ 가능한 영상처리/비젼 개발자 정규직"
47,https://kr.indeed.com/viewjob?jk=b574f1454ae36aab,Cross Border Ecommerce - Business Intell...
48,https://kr.indeed.com/viewjob?jk=1cf825d234463890,[피파온라인4] 소프트웨어 엔지니어
49,https://kr.indeed.com/viewjob?jk=dd06066d79860614,MySQL Engineer
0,https://kr.indeed.com/viewjob?jk=df21e3bb5d773616,Python Programmer
1,https://kr.indeed.com/viewjob?jk=a93153e898855084,2019년도 기후과학국 공무직 근로자
2,https://kr.indeed.com/viewjob?jk=5890f6684fe883b7,2019년도 기상청 기후과학국 공무직 근로자 (연장)
3,https://kr.indeed.com/viewjob?jk=4a7961602255662e,기상청 영향예보추진팀 공무직 근로자
4,https://kr.indeed.com/viewjob?jk=ae2c6294bc277408,Lead Technical Solutions Engineer
5,https://kr.indeed.com/viewjob?jk=9de4a0959cf183e0,Developer Advocate
6,https://kr.indeed.com/viewjob?jk=85687b250386c4be,qe 소프트웨어 엔지니어
7,https://kr.indeed.com/viewjob?jk=51bf39336055d675,"공개 [제품개발 연구원,BI 재무회계, RA]"
8,https://kr.indeed.com/viewjob?jk=61ecdc0ef3cfb66a,[경력] 빅데이터 플랫폼 엔지니어
9,https://kr.indeed.com/viewjob?jk=1d95b1dac345f2ca,데이터 분석 및 지표 구축
10,https://kr.indeed.com/viewjob?jk=dd96dd27e9a7563f,[ 아이콘트롤스 ] 2020년 경력 직원 (1.모바일App/웹 개발 2....
11,https://kr.indeed.com/viewjob?jk=effcb5381cceb13b,"Software Engineer, University Graduate"
12,https://kr.indeed.com/viewjob?jk=0c1f05a0f45f5b4e,동남아 모바일 대출 기획 및 운영
13,https://kr.indeed.com/viewjob?jk=9bff6cc5a8f53e6e,[개발]웹 서비스 개발자(정규직)
14,https://kr.indeed.com/viewjob?jk=48ca423ba9cc3be4,Product Test Engineer - GPU
15,https://kr.indeed.com/viewjob?jk=2cfcbfbe70232dbc,Technical Leader - OPC
16,https://kr.indeed.com/viewjob?jk=898c115c445ae128,Linux Developer
17,https://kr.indeed.com/viewjob?jk=7b96b63ac704d98a,AI Scientist - Symbolic AI (Natural Lang...
18,https://kr.indeed.com/viewjob?jk=3b0e3b290f637baf,효성첨단소재(주) 타이어보강재PU 빅데이터 분석 경력사원
19,https://kr.indeed.com/viewjob?jk=bd1ad6ca3aba3000,데이터 엔지니어 / Data Engineer
20,https://kr.indeed.com/viewjob?jk=fb0d4b29731b536d,백엔드 엔지니어 (e-커머스)
21,https://kr.indeed.com/viewjob?jk=89a689a00d8170bc,Core Researcher
22,https://kr.indeed.com/viewjob?jk=d9086035792f01d0,AI 기반 로봇 서비스 개발 그룹 IT 인프라 구축
23,https://kr.indeed.com/viewjob?jk=c6e0b428a62c7eaa,경험최적화파트 - 데이터 사이언티스트/분석가
24,https://kr.indeed.com/viewjob?jk=85f673f096abd00e,"빅데이터(Hadoop, Elastic 등) 관련 솔루션 개발 경험자"
25,https://kr.indeed.com/viewjob?jk=d9a8d22b38653d34,[인재풀] Central Development Services
26,https://kr.indeed.com/viewjob?jk=8d613c012d6dbbcb,[공채] 2020년 수시-R&D센터 (4월19일 마감)
27,https://kr.indeed.com/viewjob?jk=55537575b7dd8d87,Physical Implementation Engineer
28,https://kr.indeed.com/viewjob?jk=4e17fe419583b40b,데이터 분석 및 모델링 (페이코 쿠폰/광고 타겟팅)
29,https://kr.indeed.com/viewjob?jk=1c90165f772bc595,Data Scientist(SCM S&OP)
30,https://kr.indeed.com/viewjob?jk=19b44e0d17d112e2,분석실 - 베이지안 분석 전문가
31,https://kr.indeed.com/viewjob?jk=917cc06120add6e1,Data Scientist
32,https://kr.indeed.com/viewjob?jk=bd47be8c217b1a6e,PDC SW Engineer (R&D Extension)
33,https://kr.indeed.com/viewjob?jk=ae63a69b12752674,[개발]Data Scientist (정규직)
34,https://kr.indeed.com/viewjob?jk=a50fce6cc2cb57c9,자연어처리전문가 금융챗봇 만들어 갈 엔지니어
35,https://kr.indeed.com/viewjob?jk=5f3a399e83a81379,[개발]위메프오 서비스 서버개발자(정규직)
36,https://kr.indeed.com/viewjob?jk=6fd1a7a454a001bf,Engineering Infrastructure 운영 및 개선
37,https://kr.indeed.com/viewjob?jk=27e932628adc768b,[아이콘트롤스] 2020년 경력 직원 (1.모바일App/웹 개발 2.데이...
38,https://kr.indeed.com/viewjob?jk=c374243f98ecd825,Security Engineer
39,https://kr.indeed.com/viewjob?jk=8368fdba7fc66f18,데이터분석가(팀장급)
40,https://kr.indeed.com/viewjob?jk=5699cdfbc747b0bd,2020년 신규 개발자
41,https://kr.indeed.com/viewjob?jk=2695294aea6dc3b6,MongoDB Engineer
42,https://kr.indeed.com/viewjob?jk=8405cf7fad057a1a,글로벌 소비재기업 APAC담당 Sr. Enterprise Architec...
43,https://kr.indeed.com/viewjob?jk=48207dae222f8ea9,바디/안전 시스템 제어 설계
44,https://kr.indeed.com/viewjob?jk=8dfc9993e2aa9160,유저프로파일팀 - 데이터 모델러
45,https://kr.indeed.com/viewjob?jk=d1e75364ef505c68,"데이터 가치 함께 발굴하실 머신러닝, 통계 모델링 전문가"
46,https://kr.indeed.com/viewjob?jk=2c0226e483779522,시스템 엔지니어링
47,https://kr.indeed.com/viewjob?jk=a8ed60198075d112,Application Backend Developer
48,https://kr.indeed.com/viewjob?jk=facdf63dec380743,여행플랫폼 스타트업 데이터연구원 찾습니다.
49,https://kr.indeed.com/viewjob?jk=25725b3c0e607311,Junior Quant Trader
50,https://kr.indeed.com/viewjob?jk=e11bc11a4d72cc54,MPK / MPI-SD Joint Postdoctoral Position for Ultrafast Nonli...
0,https://kr.indeed.com/viewjob?jk=719aaaeffd746a04,FPGA 플랫폼 엔지니어(딥러닝 하드웨어 프로세서 개발)
1,https://kr.indeed.com/viewjob?jk=a459013391a3d600,Solutions Architect
2,https://kr.indeed.com/viewjob?jk=255dc6b8fa2e41ef,CTO 최고기술책임자
3,https://kr.indeed.com/viewjob?jk=b35da47f5e84c9b4,콘텐츠서비스개발팀 - 데이터분석가
4,https://kr.indeed.com/viewjob?jk=c2bc15d755c2e44a,제조공정Deep Learning/AI 전문가 대그룹계열제조사
5,https://kr.indeed.com/viewjob?jk=a6a4b500fa0340d4,"Director, Software Engineering (Coupang..."
6,https://kr.indeed.com/viewjob?jk=21b0caba48832b13,"빅데이터, 데이터분석 신입/경력 정규직"
7,https://kr.indeed.com/viewjob?jk=9b123ff73f89c0e5,[개발]상담시스템 백엔드 개발자(정규직)
8,https://kr.indeed.com/viewjob?jk=68ee194a9d487aac,Data Engineer
9,https://kr.indeed.com/viewjob?jk=bfc63c0dc39852e3,딥러닝 전문연구요원 특별
10,https://kr.indeed.com/viewjob?jk=0184fd84022533a6,Datacenter Engineer
11,https://kr.indeed.com/viewjob?jk=69bcbac49023acae,2020년 개발자/경영지원
12,https://kr.indeed.com/viewjob?jk=a65baa1929f29393,데이터 플랫폼 개발
13,https://kr.indeed.com/viewjob?jk=ed8f2d4e613fb977,[던전앤파이터] 2D/3D 그래픽 기술개발 부문 (TA/엔진프로그래머/툴...
14,https://kr.indeed.com/viewjob?jk=6c6ccc05ec15dc41,Design for Test (DFT) Engineer
15,https://kr.indeed.com/viewjob?jk=40454c3ae7eb142d,Data Scientist
16,https://kr.indeed.com/viewjob?jk=d0ae3cf7638734ac,데이터 사이언티스트 / Data Scientist
17,https://kr.indeed.com/viewjob?jk=424144a5501748e2,"Marketing Data Scientist, Google Profess..."
18,https://kr.indeed.com/viewjob?jk=3c70b1ded0c003ef,[KSTEC] 통계/Analytics 경력사원
19,https://kr.indeed.com/viewjob?jk=1ea7188c1b87f679,"Principal, Business Analysis (eCommerce..."
20,https://kr.indeed.com/viewjob?jk=94064c6864564f7b,CG Artist
21,https://kr.indeed.com/viewjob?jk=7db25ada717266e0,[Search&Clova] Clova AI AiCall 개발자 경력사원
22,https://kr.indeed.com/viewjob?jk=5d4cf1a713fccc2a,룰루랩 전문연구요원 (AI알고리즘)
23,https://kr.indeed.com/viewjob?jk=8c8700db243d1a3c,"Application Engineer, Sr II"
24,https://kr.indeed.com/viewjob?jk=1be349138b189f77,[클로젯셰어] 데이터 분석가 (정규직)
25,https://kr.indeed.com/viewjob?jk=cae2de07045cfb2b,"Java, Python 영상툴 개발자"
26,https://kr.indeed.com/viewjob?jk=801392fe044e4ba7,Platform/BSP SW APPS Engineering - Engin...
27,https://kr.indeed.com/viewjob?jk=84fd4c2127309eea,[보안]보안솔루션 운영 담당자(정규직)
28,https://kr.indeed.com/viewjob?jk=01bc879744c28f9c,Support Engineer _ Azure PaaS
29,https://kr.indeed.com/viewjob?jk=9b03fb4dca96750c,2분기 개발자
30,https://kr.indeed.com/viewjob?jk=d57b19564ea05138,데이터인프라개발팀 - 데이터 플랫폼 엔지니어
31,https://kr.indeed.com/viewjob?jk=e787fde04b998e1a,게임이상탐지팀 서비스 개발자
32,https://kr.indeed.com/viewjob?jk=2de6b9bf9a6f3655,[클로젯셰어] 데이터 분석가 (정규직)
33,https://kr.indeed.com/viewjob?jk=81848f01b547f90b,주니어 데이터 사이언티스트 / Junior Data Scientist
34,https://kr.indeed.com/viewjob?jk=8af26b37623864c4,8퍼센트 개발자 (신입/경력)
35,https://kr.indeed.com/viewjob?jk=fc7028b6cb17fa5b,[라프텔] 서버(백엔드) 개발자
36,https://kr.indeed.com/viewjob?jk=84348b9371558933,[Autonomous Driving] Software Tool Engin...
37,https://kr.indeed.com/viewjob?jk=d6c05c588971df5a,백엔드 파운트 시스템 엔지니어 (현재 급여수준 이상 보장)
38,https://kr.indeed.com/viewjob?jk=2d5c603043556b81,Marketing Science Director
39,https://kr.indeed.com/viewjob?jk=116009dbf59211ed,퍼즐데이터 역량있는 데이터 분석가
40,https://kr.indeed.com/viewjob?jk=978edf4ea4db4d6c,Senior Full-stack Developer
41,https://kr.indeed.com/viewjob?jk=8925ce6bab9d00d6,AI Engineer (바디모션 캡처기술) 인공지능(AI) 연구개발 전문...
42,https://kr.indeed.com/viewjob?jk=881a1aa0f0646335,Tech U Associate Professional Services C...
43,https://kr.indeed.com/viewjob?jk=464ef95516a5fa5c,8퍼센트 경력 개발자
44,https://kr.indeed.com/viewjob?jk=d017610d9828199c,"드론 데이터 스타트업, 엔젤스윙 엔지니어"
45,https://kr.indeed.com/viewjob?jk=fa839fed02943ef7,"Technical Specialist, Professional Servi..."
46,https://kr.indeed.com/viewjob?jk=6c1d50662fa2d7f7,서울 강남구 인썸니아 시니어 개발자 및 퍼블리셔
47,https://kr.indeed.com/viewjob?jk=dd4d8e59a4a9265d,Data Specialist (Scientist&&Engineer)
48,https://kr.indeed.com/viewjob?jk=b085b3c302873fcc,Staff RF Production Test Engineer
49,https://kr.indeed.com/viewjob?jk=8d8caa9ce2b86d80,데이터 분석/엔지니어 모집
50,https://kr.indeed.com/viewjob?jk=e11bc11a4d72cc54,MPK / MPI-SD Joint Postdoctoral Position for Ultrafast Nonli...
0,https://kr.indeed.com/viewjob?jk=cb286253682cb876,[던전앤파이터] 클라이언트 툴 프로그래머
1,https://kr.indeed.com/viewjob?jk=257110e5aec08f6d,[Search&Clova] Clova 머신러닝 Scientist 개발 신...
2,https://kr.indeed.com/viewjob?jk=ae15250b0a7f47e0,데이터 엔지니어
3,https://kr.indeed.com/viewjob?jk=1748baa27965fdbf,"MVP 개발 엔지니어(서버, 웹프론트) (정규직, 계약직, 프리랜서)"
4,https://kr.indeed.com/viewjob?jk=2f1e4635d5b17020,AI 플랫폼 구조개선/운영 효율화[IT대기업] (서울 )
5,https://kr.indeed.com/viewjob?jk=6e4170888fdd92a5,SOFTWARE ENGINEER - BACKEND
6,https://kr.indeed.com/viewjob?jk=af5683389907a8c9,백엔드 개발자 (경력)
7,https://kr.indeed.com/viewjob?jk=475cc377417d9a5b,데이터수집개발파트
8,https://kr.indeed.com/viewjob?jk=750977c97eeed4d5,랩오투원 신입/경력 개발자
9,https://kr.indeed.com/viewjob?jk=22a5590c81649937,Senior Technical Consultant
10,https://kr.indeed.com/viewjob?jk=6ecc8058c1538843,데이터플랫폼실 - Software Engineer
11,https://kr.indeed.com/viewjob?jk=67a92be234325f85,[해외취업] AI 엔지니어
12,https://kr.indeed.com/viewjob?jk=e5098c47e3662580,BI 운영 그룹 주력계열사
13,https://kr.indeed.com/viewjob?jk=e5c63f4e86ceefda,Technical / UX Writer
14,https://kr.indeed.com/viewjob?jk=d0491a887a50b32d,프로그래밍 서버개발자
15,https://kr.indeed.com/viewjob?jk=6b65a5a35da64ed3,[카카오 클라우드] 클라우드 개발자(Monitoring as a Serv...
16,https://kr.indeed.com/viewjob?jk=ea3b136c0ff59524,데이터분석가(게임어뷰징 탐지)
17,https://kr.indeed.com/viewjob?jk=f25f49ac012b1984,머신러닝 엔지니어 모집
18,https://kr.indeed.com/viewjob?jk=8bda582040d41076,데이터분석 전문가 신입·경력·전문연구요원
19,https://kr.indeed.com/viewjob?jk=08886d865f1ef1f7,"인공지능(AI), 데이터분석 외 신입/경력 계약직"
20,https://kr.indeed.com/viewjob?jk=8e744330952e1893,(인턴십) Robotics Machine Learning Engineer
21,https://kr.indeed.com/viewjob?jk=faf0422473d4188a,[Search & Clova] Commerce AI 기술 개발 신입/경력...
22,https://kr.indeed.com/viewjob?jk=de210ffb5a9ee0c4,카카오톡 신규 서비스 서버 개발자
23,https://kr.indeed.com/viewjob?jk=aa21d09eb021ffeb,Hardware Platform Application Engineer
24,https://kr.indeed.com/viewjob?jk=4fa50f2ffd370bae,AI Engineer (얼굴모션 캡처기술) 인공지능(AI) 연구개발 전문...
25,https://kr.indeed.com/viewjob?jk=d48c925acb7e4187,IT기획(대리-과장급) 초빙 - 유명 유통사
26,https://kr.indeed.com/viewjob?jk=a1f9715200a20342,위촉연구원 (에너지통계연구팀)
27,https://kr.indeed.com/viewjob?jk=bead3dc73d8a8423,Public 클라우드 환경 AI 플랫폼 상용화/ 구조개선/운영 효율화
28,https://kr.indeed.com/viewjob?jk=6d479593b544fa68,카카오 전체의 사용자 플랫폼 만들 서버개발자
29,https://kr.indeed.com/viewjob?jk=7c7f6f9c070d78bd,Robot SW Engineer 그룹 IT인프라 구축
30,https://kr.indeed.com/viewjob?jk=4a51996b0442a445,Sales Manager (Born in the Cloud)
31,https://kr.indeed.com/viewjob?jk=952e0a8d9bac4aea,고성능 게임 피드백 서버 개발
32,https://kr.indeed.com/viewjob?jk=a3a65a4d59061430,위시켓과 함께할 서버개발자님
33,https://kr.indeed.com/viewjob?jk=7f0f05a7cbb72be3,[에이치랩] 웹 개발자(Back-end)
34,https://kr.indeed.com/viewjob?jk=879b70d978f1c14f,안드로이드/ 윈도우서버 스프링 개발자 / 풀스택 개발자 정규직
35,https://kr.indeed.com/viewjob?jk=039e10f8ff760b78,O2O서비스 커머스 데이터 분석(대리-차장/서울)
36,https://kr.indeed.com/viewjob?jk=29e3b5646b869f60,[해외취업] 【AI・RPAエンジニア】経験半年の方も歓迎 10ヵ国の技術者が在...
37,https://kr.indeed.com/viewjob?jk=3e617a8ed7934773,Quant 트레이딩 부문
38,https://kr.indeed.com/viewjob?jk=f044d9361c664f80,Technical Trainer - Amazon Web Services
39,https://kr.indeed.com/viewjob?jk=2b1c5b35b97700fc,인프라 플랫폼 개발자
40,https://kr.indeed.com/viewjob?jk=c8a7c9c4022a3544,인프라 플랫폼 개발자
41,https://kr.indeed.com/viewjob?jk=b9974ad79659bb6d,"카카오콘 앱(iOS), 서버 경력 개발자"
42,https://kr.indeed.com/viewjob?jk=1f31d89542cd4dcf,웹프로그래머 등
43,https://kr.indeed.com/viewjob?jk=5ff17b27cd83a1c0,네트워크 자동화 개발자
44,https://kr.indeed.com/viewjob?jk=692486e7a2b0522e,데브옵스 솔루션 개발자
45,https://kr.indeed.com/viewjob?jk=c1936b77c8be4bcf,빅데이터 플랫폼 및 BI시스템 구축 그룹 IT계열사
46,https://kr.indeed.com/viewjob?jk=eda2098164f2e92f,[메가존] 정보보호 및 개인정보보호 담당자 (신입/경력)
47,https://kr.indeed.com/viewjob?jk=518298c796a11371,2020 상반기 개발직군
48,https://kr.indeed.com/viewjob?jk=9f9852b36fd799d2,청소년 교육프로그램 매니저
49,https://kr.indeed.com/viewjob?jk=79da02e6dfd5d48c,AI 활용방안모색/적용 전략 수립
50,https://kr.indeed.com/viewjob?jk=e11bc11a4d72cc54,MPK / MPI-SD Joint Postdoctoral Position for Ultrafast Nonli...
0,https://kr.indeed.com/viewjob?jk=00427fa2d835d4a1,소프트웨어 신입/경력 정규직
1,https://kr.indeed.com/viewjob?jk=afe7b6b5181486dd,"프로그래머 _딥러닝,텐서플로우,어플리케이션,웹프로그램,응용프로그램"
2,https://kr.indeed.com/viewjob?jk=fa32e47d04a9f932,모바일 보안
3,https://kr.indeed.com/viewjob?jk=8e7e6dd1929ae8ab,소프트웨어 그룹 유망계열사 new
4,https://kr.indeed.com/viewjob?jk=07f425a9fb3ee67b,"글로벌 플랫폼 쉴드 개발(인증보안,이상결제,평판 등)"
5,https://kr.indeed.com/viewjob?jk=872e4ef109d7872a,Data Analyst (FC & Transportation)
6,https://kr.indeed.com/viewjob?jk=533b48ae7ceee2ca,(주)웨이브웨어 2020 년도 신입사원 (개발자)
7,https://kr.indeed.com/viewjob?jk=73ecc36bb6231f81,"Principal, QA Engineer (Seller Portal)"
8,https://kr.indeed.com/viewjob?jk=7096b4877cb564ba,프론트엔드 경력 정규직
9,https://kr.indeed.com/viewjob?jk=4206cd042c6633c1,Software Engineer - Seoul
10,https://kr.indeed.com/viewjob?jk=5f3b7800e776da58,Senior Business Analysis (Strategic Plan...
11,https://kr.indeed.com/viewjob?jk=ecc4154e1f4d28a8,Android Software Engineer
12,https://kr.indeed.com/viewjob?jk=338660b483fec9e9,"비젼 프로그램 개발, 자동제어 외 경력 정규직"
13,https://kr.indeed.com/viewjob?jk=ee5df99ada829d81,SI 프로젝트 개발자 (계약직 및 프리랜서)
14,https://kr.indeed.com/viewjob?jk=67503f27b0365593,인간중심 지능형 시스템 연구실 시간제 연구원
15,https://kr.indeed.com/viewjob?jk=ed01bcce65f5abd3,Mechanical BOP 그룹 유망계열사 new
16,https://kr.indeed.com/viewjob?jk=ad1bf1198b168944,"[해외취업] 베리텍, 시스템개발자/응용프로그래머"
17,https://kr.indeed.com/viewjob?jk=c499b3dde5c2e196,데이터인프라개발팀 - 데이터 엔지니어
18,https://kr.indeed.com/viewjob?jk=2625bdacef9c5d08,"Specialist Solutions Architect III, AI/M..."
19,https://kr.indeed.com/viewjob?jk=83883bfd1f662d69,Data Scientist
20,https://kr.indeed.com/viewjob?jk=5f4b405667f04648,[웹프로그래머] JSP 개발자
21,https://kr.indeed.com/viewjob?jk=2e7b4cdaddc82b04,Surfacing
22,https://kr.indeed.com/viewjob?jk=695dda5fbc779a3c,경영본부 - 회계파트/ 자금파트/ 인사총무파트
23,https://kr.indeed.com/viewjob?jk=6718bba08ef6e20b,모바일 앱 보안 솔루션 개발부문
24,https://kr.indeed.com/viewjob?jk=4a426e3ffacd161c,이상탐지팀- 웹프로그래머
25,https://kr.indeed.com/viewjob?jk=4d29dbbb5926d921,글로벌 솔루션 기반 데이터 분석가
26,https://kr.indeed.com/viewjob?jk=f10477b81840d778,데이터 분석가 / Business Analyst
27,https://kr.indeed.com/viewjob?jk=281fb1cb3dff0cf8,글로벌&모바일 플랫폼 운영을 담당할 를 합니다.
28,https://kr.indeed.com/viewjob?jk=af1c75601986e224,"(주)트윔 개발자(경력직) 빅데이터,영상처리,머신비전/AI 딥러닝"
29,https://kr.indeed.com/viewjob?jk=9fe6a4ff9c047d0c,IC 설계자동화 (EDA) 소프트웨어 (XMODEL) 모델 개발자 / 응...
30,https://kr.indeed.com/viewjob?jk=aa9b2ed0c68a131f,[Search&Clova] Clova AI 이미지/비디오 인식 모델 개발...
31,https://kr.indeed.com/viewjob?jk=560f81c17f11a675,[링크업] 글로벌 ERP회사인 Odoo 웹 개발자.
32,https://kr.indeed.com/viewjob?jk=8d0b3a79363b5a69,Business Analyst (Search and Discovery A...
33,https://kr.indeed.com/viewjob?jk=a771637c0eeffc26,[Search & Clova] NAVER Search 이미지 검색서버개발...
34,https://kr.indeed.com/viewjob?jk=37da5b148b2d3ef4,Senior Data Scientist - AWS Professional...
35,https://kr.indeed.com/viewjob?jk=7bf179a290a157b2,경험최적화파트 - 머신러닝 엔지니어
36,https://kr.indeed.com/viewjob?jk=3cc6771ec537db8c,웹 개발자 채용
37,https://kr.indeed.com/viewjob?jk=8ae7c240ef7d5f0b,카카오 분석 플랫폼 경력 개발자
38,https://kr.indeed.com/viewjob?jk=05ce3c7d5c6c368c,Research Engineer - Machine Learning
39,https://kr.indeed.com/viewjob?jk=200d57cb40c842bc,이브이패스 데이터분석팀 직원
40,https://kr.indeed.com/viewjob?jk=ad07d6a330fb619a,TOAST Cloud 운영 및 기술지원
41,https://kr.indeed.com/viewjob?jk=d66914db200312e0,TECH U Associate Solutions Architect - 2...
42,https://kr.indeed.com/viewjob?jk=1d98c46b4900b7e6,Pipeline TD
43,https://kr.indeed.com/viewjob?jk=9214061c8bc345b2,FX
44,https://kr.indeed.com/viewjob?jk=383d4c8a7156b52b,[카카오 클라우드] 플랫폼 포털 개발자
45,https://kr.indeed.com/viewjob?jk=f65e6c6054606b51,혁신성장 클라우드 아카데미 3기 교육생
46,https://kr.indeed.com/viewjob?jk=b964a03867237f11,백엔드 개발자 경력 (대전)
47,https://kr.indeed.com/viewjob?jk=94242432ba095bac,기업부설연구소 경력직 연구원(정규직) 공개
48,https://kr.indeed.com/viewjob?jk=48ace3aa027982bc,Cloud Service 개발 및 운영
49,https://kr.indeed.com/viewjob?jk=f8b1270b1176f7f3,주요정보통신기반시설 취약점분석평가 전문인력(경력직)
50,https://kr.indeed.com/viewjob?jk=e11bc11a4d72cc54,MPK / MPI-SD Joint Postdoctoral Position for Ultrafast Nonli...
0,https://kr.indeed.com/viewjob?jk=677bb425dc2caf7e,"Software Engineering Manager, Server"
1,https://kr.indeed.com/viewjob?jk=93948bea04dc072e,[IT대기업]AI 플랫폼 구조개선/운영 효율화 (서울 ) 대리-차장
2,https://kr.indeed.com/viewjob?jk=49335253c9d14ed4,Software Engineer
3,https://kr.indeed.com/viewjob?jk=e6662326a6c95612,Cloud Solution Architect
4,https://kr.indeed.com/viewjob?jk=3fb4aae48999d0c9,"[펜타시큐리티] 보안S/W 개발자 (DB, 웹, 인증, 블록체인, 클라우..."
5,https://kr.indeed.com/viewjob?jk=67a8b964630b347f,(대기업)자연어처리/텍스트분석 엔진 개발 및 서비스 개발(대리(6년)-차...
6,https://kr.indeed.com/viewjob?jk=e010f7780d479126,검색서비스 서버 개발 신입/경력
7,https://kr.indeed.com/viewjob?jk=7f28afa9faba22bd,모바일앱 분석툴 유저해빗 웹개발자
8,https://kr.indeed.com/viewjob?jk=dc821489255954fd,Developer Advocate
9,https://kr.indeed.com/viewjob?jk=b51409eeb3546749,[KSTEC] RPA 시스템 개발 경력사원
10,https://kr.indeed.com/viewjob?jk=419692b3ddb34768,Analytics Specialist
11,https://kr.indeed.com/viewjob?jk=8624753c574a9d25,Lead Application Backend Developer – Mob...
12,https://kr.indeed.com/viewjob?jk=5123207a169f90eb,Software Developer - Front-End / Back-En...
13,https://kr.indeed.com/viewjob?jk=e38f22d6852a857a,Sales Engineer (APAC)
14,https://kr.indeed.com/viewjob?jk=1df8145c549f7bc8,AI기반 Text Analytics 자연어분석텍스트처리(대리-과장급)6-...
15,https://kr.indeed.com/viewjob?jk=cdb73ed97e74098a,Senior Back-End Developer
16,https://kr.indeed.com/viewjob?jk=05d6f01f9a494a1b,[Robotics] Deep Reinforcement Learning E...
17,https://kr.indeed.com/viewjob?jk=dcafe087f86aaa47,경력사원 수시
18,https://kr.indeed.com/viewjob?jk=48dad3996c523b2f,Cloud Platform FrontEnd 개발 (UIE)
19,https://kr.indeed.com/viewjob?jk=88b7dece067cd1c6,AI Algorithm Developer
20,https://kr.indeed.com/viewjob?jk=2531a0c578f5ca30,[Robotics] Robot Software Engineer
21,https://kr.indeed.com/viewjob?jk=6ddd6cc2b78a4dcb,블록체인 시스템 엔지니어 양성과정
22,https://kr.indeed.com/viewjob?jk=7adfd2b51f057d3a,경력사원 수시
23,https://kr.indeed.com/viewjob?jk=8b29e16a2f9665f2,"Principal, Strategic Planning"
24,https://kr.indeed.com/viewjob?jk=f79f6cd3e91fcc1a,"Principal, Data Engineer (EDW Data Proce..."
25,https://kr.indeed.com/viewjob?jk=9f7af88b0ef15493,Deep Learning Architect
26,https://kr.indeed.com/viewjob?jk=f4da103184185deb,백엔드 개발자 경력 (서울)
27,https://kr.indeed.com/viewjob?jk=91d6041cfb272f25,(IT인프라) 보안팀 엔지니어
28,https://kr.indeed.com/viewjob?jk=90104004fabe2502,[Search & Clova] 글로벌 콘텐츠 검색/ AI 기술 개발 신입...
29,https://kr.indeed.com/viewjob?jk=0a3b0b6dfcd4ea4c,기술지원엔지니어 & 연구개발직
30,https://kr.indeed.com/viewjob?jk=c4a82fa931ad86b2,팀리딩 가능한 응용 프로그램 개발자
31,https://kr.indeed.com/viewjob?jk=de6c33bfab4a8e0c,"C#, python 개발자"
32,https://kr.indeed.com/viewjob?jk=ab157cc80acdbe96,지스트 블록체인인터넷경제연구센터 계약직(연구원)
33,https://kr.indeed.com/viewjob?jk=f5f3bc6e243a4d9e,[유펜솔루션] 웹 크롤링 엔진 개발자 경력 (서울)
34,https://kr.indeed.com/viewjob?jk=b51ca785a45edf17,Senior Specialist Consultant - AI/ML
35,https://kr.indeed.com/viewjob?jk=f915f667e4052f91,Back-end Engineer
36,https://kr.indeed.com/viewjob?jk=c13abffb44505877,NXLog팀 - 소프트웨어 엔지니어
37,https://kr.indeed.com/viewjob?jk=9040dba1c8db2a5d,퀀트운용팀 (사원-대리급)
38,https://kr.indeed.com/viewjob?jk=1f7f2b48cf91125b,DBA담당자
39,https://kr.indeed.com/viewjob?jk=ffd9cedb23e97344,파이썬SW 금융분야 특화 챗봇 개발 함께 할 엔지니어
40,https://kr.indeed.com/viewjob?jk=a6d0f0030a9ad230,링크샵스 플랫폼 개발 및 유지보수 담당
41,https://kr.indeed.com/viewjob?jk=5c6723a17ad467f6,Solutions Architect - Amazon Connect
42,https://kr.indeed.com/viewjob?jk=9b686bf45b28b6ea,[경력] SW개발자 - 정규직
43,https://kr.indeed.com/viewjob?jk=2892c67308e87f01,Field Data Scientist
44,https://kr.indeed.com/viewjob?jk=9fb50d6eec9e7045,인간중심 지능형 시스템 연구실 위촉연구원
45,https://kr.indeed.com/viewjob?jk=e36af236652e8e9d,Data Analyst (CRM)
46,https://kr.indeed.com/viewjob?jk=32e48945651ff494,"서버개발/웹개발/모바일(안드로이드,IOS)"
47,https://kr.indeed.com/viewjob?jk=01cdfff2d55c2fa5,PMIC S/W APPS Engineering – Senior to St...
48,https://kr.indeed.com/viewjob?jk=92f04fc62c6d6a7a,"Technical Solutions Consultant, Android..."
49,https://kr.indeed.com/viewjob?jk=674370fd38bce0dd,지스트 블록체인경제센터(강남소재) 계약직(연구원)
50,https://kr.indeed.com/viewjob?jk=e11bc11a4d72cc54,MPK / MPI-SD Joint Postdoctoral Position for Ultrafast Nonli...
0,https://kr.indeed.com/viewjob?jk=d9470ee259f7457b,Cloud Infrastructure Architect
1,https://kr.indeed.com/viewjob?jk=e1ca66af1280f358,[손보사] 인공지능 개발 (사원~대리급)
2,https://kr.indeed.com/viewjob?jk=77d8e0149dad533b,블록체인인터넷경제 연구센터 위촉연구원
3,https://kr.indeed.com/viewjob?jk=3e80435be74cd28f,블록체인인터넷경제연구센터 위촉연구원
4,https://kr.indeed.com/viewjob?jk=475bfcb9fe2956fa,"Solution Architect, Data Scientist - WWF..."
5,https://kr.indeed.com/viewjob?jk=9437c9fdc6462773,Data & AI Technical Specialist
6,https://kr.indeed.com/viewjob?jk=3292e81e43884c67,Web 개발(이커머스 파트)_PHP/CodeIgniter/Javascri...
7,https://kr.indeed.com/viewjob?jk=b2ebc1da56d8b120,GNI 소프트웨어 개발자
8,https://kr.indeed.com/viewjob?jk=dc23e8d8590f10e6,(스마트스터디게임즈) 모바일 앱 개발자
9,https://kr.indeed.com/viewjob?jk=a7c68eba65a950aa,지스트 블록체인경제센터 계약직연구원
10,https://kr.indeed.com/viewjob?jk=f36188c12acc84be,[서초동] 웹개발 경력자
11,https://kr.indeed.com/viewjob?jk=9b7db1d582a31e2c,딥러닝 소프트웨어 개발자 찾습니다.
12,https://kr.indeed.com/viewjob?jk=7d85150a375cfacf,[Search & Clova] BigData and AI Platform...
13,https://kr.indeed.com/viewjob?jk=05439002712f8135,차세대 광-무선 가입자망 연구센터 연구전담교수
14,https://kr.indeed.com/viewjob?jk=f0e525b7adc51769,"C#, Python 개발자 모집"
15,https://kr.indeed.com/viewjob?jk=2cca42ee0951d4be,"Principal, Business Analysis (Coupang Ea..."
16,https://kr.indeed.com/viewjob?jk=6b86ea39985912b6,TOAST Cloud 사업기획/영업
17,https://kr.indeed.com/viewjob?jk=6f88041c28b6c1ae,한글 Q&A 시스템 연구 개발 신입/경력사원
18,https://kr.indeed.com/viewjob?jk=794e209e405f4fc0,지스트 블록체인경제센터(강남소재) 계약직연구원
19,https://kr.indeed.com/viewjob?jk=449e0f73f32c6c7a,Cloud 서비스 (Infra as a Service) 개발자 (경력)
20,https://kr.indeed.com/viewjob?jk=2962f736a95cb7e2,웹 서비스 백엔드(Back-end) 시니어 개발자
21,https://kr.indeed.com/viewjob?jk=b0e563cbee63c282,PHP / 퍼블리셔 / Python / Ruby 개발자 채용( 각 1명...
22,https://kr.indeed.com/viewjob?jk=d90b5ba4ce618721,"Sr. Solutions Architect, Storage"
23,https://kr.indeed.com/viewjob?jk=4a94f2401f999ab6,Data Analyst
24,https://kr.indeed.com/viewjob?jk=20ccc59a88ee7847,"대기업(연구센터) Data Scientist 채용, 석사이상"
25,https://kr.indeed.com/viewjob?jk=6bfe8234bd329ac7,자연어처리/텍스트분석 엔진 개발 및 서비스 개발(대리(6년)-차장급(16...
26,https://kr.indeed.com/viewjob?jk=cac18e6bcbee5a21,Front end 개발자
27,https://kr.indeed.com/viewjob?jk=33ebcf38f48da430,웹 개발자 (프론트엔드 신입/경력 무관
28,https://kr.indeed.com/viewjob?jk=5ee29e41129934a3,파이썬 중급개발자
29,https://kr.indeed.com/viewjob?jk=0669248c0bee92f0,[손보사] 모바일(App/Web) 개발 (대리~과장급)
30,https://kr.indeed.com/viewjob?jk=1a5cda61b51c21b7,SAP Architect
31,https://kr.indeed.com/viewjob?jk=85e39a73f14a3b07,"대기업 딥러닝 / 빅데이터 프로젝트 경력자 (석사학위이상, 근무지-전남)"
32,https://kr.indeed.com/viewjob?jk=754348a9c3f08d66,Full Stack Developer
33,https://kr.indeed.com/viewjob?jk=882ce3f45214f1b1,Junior and/or Senior Engineers for MySQL...
34,https://kr.indeed.com/viewjob?jk=142e0b7f51054b43,웹개발자 담당 경력직
35,https://kr.indeed.com/viewjob?jk=9adefd165ee3b31f,[반도체IP 기업] Video Codec - RTL Design/Veri...
36,https://kr.indeed.com/viewjob?jk=dbe0f6f7da20d201,"Principal, Back-end Engineer (Seller Por..."
37,https://kr.indeed.com/viewjob?jk=98ce457f0c17a02e,Junior and/or Senior S/W Engineers for H...
38,https://kr.indeed.com/viewjob?jk=b59aefbf5af2d7ea,Discovery ML Engineer
39,https://kr.indeed.com/viewjob?jk=ff2f8c996186ab4d,Cloud Application Architect - Profession...
40,https://kr.indeed.com/viewjob?jk=606646e13ad5c569,Solution Architect
41,https://kr.indeed.com/viewjob?jk=ba26ecf33dcf82ad,(경력) 정규직 웹개발자
42,https://kr.indeed.com/viewjob?jk=1fba47127c0552ba,IT 솔루션 기업 SW 개발자 2명 (경력 / 신입)
43,https://kr.indeed.com/viewjob?jk=ee7e4f2e5d69f84c,DRE - Build Engineer
44,https://kr.indeed.com/viewjob?jk=8a15326f80e07c08,Customer Operations Engineering Manager
45,https://kr.indeed.com/viewjob?jk=10ddf37c7b70f83b,[해외취업] 고급 IT 엔지니어
46,https://kr.indeed.com/viewjob?jk=e42dff836a3182d7,반응형웹개발자(3년이상)
47,https://kr.indeed.com/viewjob?jk=49fa26d981f65ae7,Python 백앤드엔지니어
48,https://kr.indeed.com/viewjob?jk=04f3458db4cc1f14,데이터 엔지니어
49,https://kr.indeed.com/viewjob?jk=7aba45ffde3ad6ee,Ericsson-LG Enterprise 경력 개발자 (추가 )
50,https://kr.indeed.com/viewjob?jk=e11bc11a4d72cc54,MPK / MPI-SD Joint Postdoctoral Position for Ultrafast Nonli...
0,https://kr.indeed.com/viewjob?jk=dd525f7585490793,"Imaging Scientist, Technology Developmen..."
1,https://kr.indeed.com/viewjob?jk=e1cf26d9df2052c9,인공지능 검색서비스 기획
2,https://kr.indeed.com/viewjob?jk=e51c8736967894d3,TEST IT
3,https://kr.indeed.com/viewjob?jk=c495ae06620d2544,Junior and/or Senior S/W Engineers for C...
4,https://kr.indeed.com/viewjob?jk=c34f716ce3a4d2d0,IT 강소기업 JAVA 솔루션 개발자 (경력직) (성수동)
5,https://kr.indeed.com/viewjob?jk=78d1ec77f4a5e0dc,기후 분석&모델링연구실 시간제연구원
6,https://kr.indeed.com/viewjob?jk=081ba90fcfa975e3,4G LTE/5G NR Software Engineer
7,https://kr.indeed.com/viewjob?jk=4bd2e836d472ecba,[해외취업] 얼바인 소재 모바일 엑세서리 대기업 하반기 _Front-En...
8,https://kr.indeed.com/viewjob?jk=6ae76a6437a8a2b6,Solution Architecture: Starts-Up/Gaming
9,https://kr.indeed.com/viewjob?jk=f9ba0aceb3ab191b,Full Stack engineer
10,https://kr.indeed.com/viewjob?jk=2c051d3159eeb7e4,[카카오계열사] 데이터분석 _ 3년~10년경력
11,https://kr.indeed.com/viewjob?jk=d425b24146af3fa1,지구·환경공학부 환경시스템공학 연구실 위촉연구원
12,https://kr.indeed.com/viewjob?jk=1686bc8fdc03fd84,빅데이터 분석/컨설팅(3년이상 경력)
13,https://kr.indeed.com/viewjob?jk=7e69dab7e1907f0c,[대기업]System Architecture(시스템 엔지니어)대리 ~ 차...
14,https://kr.indeed.com/viewjob?jk=9681ee519a4f870e,게임밸런스 (게임 시뮬레이터)
15,https://kr.indeed.com/viewjob?jk=2bd4dbc4b81c0bd3,모바일 뱅킹앱 서비스의 설계/기획 경력 [저축은행그룹 모기업]
16,https://kr.indeed.com/viewjob?jk=b06176c3a7092e0a,Customer Facing Data Scientist
17,https://kr.indeed.com/viewjob?jk=ea2cf2a5e929b0ee,TOAST Cloud 플랫폼 및 서비스 개발
18,https://kr.indeed.com/viewjob?jk=399cec6cd2a3b85b,산업용 S/W 프로그래밍 및 개발 전문연구요원 (병역특례)
19,https://kr.indeed.com/viewjob?jk=ca46d5dccd5e9d73,Video Analytics(VA) Software Developer
20,https://kr.indeed.com/viewjob?jk=7b1bf7ccf8fdf4bb,인공지능 소프트웨어 엔지니어
21,https://kr.indeed.com/viewjob?jk=cbfaf43db43ea8f9,Data engineer
22,https://kr.indeed.com/viewjob?jk=8c4e16d1785c009f,"웹/모바일 기반 벡엔드/프론트엔드 개발_대리, 과장급_대기업"
23,https://kr.indeed.com/viewjob?jk=04ecc7af1c61ab5a,통계 분석 전문가
24,https://kr.indeed.com/viewjob?jk=d0ad8d53ad979e23,Software Integration Engineer
25,https://kr.indeed.com/viewjob?jk=60097047695d7c71,Text 분석
26,https://kr.indeed.com/viewjob?jk=4552c81ebe0fc6c5,데이터분석
27,https://kr.indeed.com/viewjob?jk=d9f1c1b5579f37c4,빌링서버 개발자
28,https://kr.indeed.com/viewjob?jk=2900b41c0b091e46,머신러닝 개발자
29,https://kr.indeed.com/viewjob?jk=b1abf6f8058060cd,인공지능 검색/데이터 엔지니어
30,https://kr.indeed.com/viewjob?jk=5faf4a69ab8c86ca,[FEG] 리버스 엔지니어
31,https://kr.indeed.com/viewjob?jk=4cd6649710f54e1d,데이터베이스 관리자(DBA) 모집
32,https://kr.indeed.com/viewjob?jk=c56cf399beea5f36,[유펜솔루션] 웹 크롤링 엔진 개발자 경력 (대전)
33,https://kr.indeed.com/viewjob?jk=d498993697237b33,AI(인공지능) 개발자
34,https://kr.indeed.com/viewjob?jk=bc4a0e62c7c3d510,테크니컬 아키텍트
35,https://kr.indeed.com/viewjob?jk=615168b399422305,Software Engineer - Back-end Web
36,https://kr.indeed.com/viewjob?jk=10530ea7d98370b7,Data Scientist (Analytics Modeling Exper...
37,https://kr.indeed.com/viewjob?jk=0fea9598510abf0e,Effect Supervisor (경력 10년 이상) Effect Art...
38,https://kr.indeed.com/viewjob?jk=8c6a8ded83187c0e,[반도체IP 기업] ISP 설계/개발 RTL Engineer (Senio...
39,https://kr.indeed.com/viewjob?jk=3da2537c07ea7706,Platform server 개발자
40,https://kr.indeed.com/viewjob?jk=516545e5882be38c,시스템 엔지니어
41,https://kr.indeed.com/viewjob?jk=b41f8c37de8fae06,빅데이터 분석
42,https://kr.indeed.com/viewjob?jk=98c2229e57d4ee1f,전기전자컴퓨터공학부(바이오컴퓨팅연구실) 위촉연구원
43,https://kr.indeed.com/viewjob?jk=a6df161cf8e96140,게임 딥러닝 AI 개발
44,https://kr.indeed.com/viewjob?jk=674466316840f8f5,Senior Robotics Software Engineer
45,https://kr.indeed.com/viewjob?jk=c81984fb6cd9a0c6,빅데이터 전략/마케팅 (과~차장)
46,https://kr.indeed.com/viewjob?jk=fe69337a085bae5b,Linux 서버 개발자
47,https://kr.indeed.com/viewjob?jk=8da5c72baf146123,Site Engineer (Seoul)
48,https://kr.indeed.com/viewjob?jk=3ca47f227f783ee5,저축은행 디지털 LAB
49,https://kr.indeed.com/viewjob?jk=449c79ff66c3925c,Sydney Based Cloud Support Engineer
50,https://kr.indeed.com/viewjob?jk=e11bc11a4d72cc54,MPK / MPI-SD Joint Postdoctoral Position for Ultrafast Nonli...
0,https://kr.indeed.com/viewjob?jk=1a29584d7cf07e69,마케팅 관련 데이터 분석 전문가(대리과장급)
1,https://kr.indeed.com/viewjob?jk=2dc48511f09843fa,빅데이터 분석/활용(과~차장)
2,https://kr.indeed.com/viewjob?jk=8d09144c7027cb06,[경력직] 클라우드 플랫폼(PaaS) 엔지니어 채용
3,https://kr.indeed.com/viewjob?jk=37127548f83bb7f7,[Search & Clova] 네이버 웹검색 연구/개발 경력사원
4,https://kr.indeed.com/viewjob?jk=9fa9d498506f86aa,기술영업(신입/경력)
5,https://kr.indeed.com/viewjob?jk=08ac4426aa2a7bed,Performance Marketer (SA 중심)
6,https://kr.indeed.com/viewjob?jk=34d498e0e05c5e60,[해외취업] 애리조나에 위치한 물류서비스 회사 #N사 IT 인턴 !
7,https://kr.indeed.com/viewjob?jk=de763f010a5f1252,IT 솔루션 기업 기술지원 담당자 2명 (경력/신입)
8,https://kr.indeed.com/viewjob?jk=74c4f418a78c820f,데이터 전문가
9,https://kr.indeed.com/viewjob?jk=5ecb57c806c47aa0,머신러닝
10,https://kr.indeed.com/viewjob?jk=9b0229da022a653a,피스페이스_sw개발직 (시스템 SW 부문)
11,https://kr.indeed.com/viewjob?jk=80d3108dade97b0f,Back-end Developer
12,https://kr.indeed.com/viewjob?jk=9a44a1a18ab4635c,Cloud Security Engineer
13,https://kr.indeed.com/viewjob?jk=89d3bffd37a2487a,빅데이터 플랫폼 운영 및 분석구현
14,https://kr.indeed.com/viewjob?jk=da270a2e37960047,JAVA 개발자 대규모 인재 [광고플랫폼 업계1위/청년친화강소기업]
15,https://kr.indeed.com/viewjob?jk=ba3e218f3dfb8be7,Security Developer
16,https://kr.indeed.com/viewjob?jk=ed3686b9c2eea9ad,"Principal, Data Engineer (Pricing Tech)"
17,https://kr.indeed.com/viewjob?jk=45a8d1ec64004328,"[해외취업] IT 프로그래머,web개발 엔지니어,Java프로그래머,인프라..."
18,https://kr.indeed.com/viewjob?jk=8461bfe74b0948cf,SW 품질 보증 전문가
19,https://kr.indeed.com/viewjob?jk=96a1ac98dcf0039c,Linux Engineer
20,https://kr.indeed.com/viewjob?jk=2a1d77bd91952093,(주)엘솔루 개발자
21,https://kr.indeed.com/viewjob?jk=417d3e24bac85b14,Analytics Engineer
22,https://kr.indeed.com/viewjob?jk=c4e7809eb035c7ee,웹개발팀장
23,https://kr.indeed.com/viewjob?jk=204308e277d085e3,DevOps Consultant - Professional Service...
24,https://kr.indeed.com/viewjob?jk=9f7d7cbe5e172a01,Front-end Developer
25,https://kr.indeed.com/viewjob?jk=838599aa8cfbcf47,Video Solution System Engineer
26,https://kr.indeed.com/viewjob?jk=3d2919e619aad7ea,NFS - Technical Artist
27,https://kr.indeed.com/viewjob?jk=9611a65456a23a06,FIFA - Technical Artist
28,https://kr.indeed.com/viewjob?jk=7bb1e2b604c071e6,[글로벌 Vacuum Pump 제조사] S/W Test Engineer...
29,https://kr.indeed.com/viewjob?jk=2a022297d291f917,"[해외취업] 중국, RAKUTEN, Senior QA Engineer_M..."
30,https://kr.indeed.com/viewjob?jk=9301688209a46cd7,전자상거래 플랫폼 인프라 설계/구축/운영
31,https://kr.indeed.com/viewjob?jk=a979e53aa387868c,보안개발자(ASAP)
32,https://kr.indeed.com/viewjob?jk=c58a6764306089e9,대기업 검색엔진 개발 (대리과장급)
33,https://kr.indeed.com/viewjob?jk=703240f1af245dde,Cloud Storage Architect 국내 IT 대기업
34,https://kr.indeed.com/viewjob?jk=0ab285258b1cb206,저축은행 앱마케팅팀 데이터분석
35,https://kr.indeed.com/viewjob?jk=94f2bbbeb53f3458,Database Engineer (Storage Platform)
36,https://kr.indeed.com/viewjob?jk=9a6c7e28b38178d3,(주)테라젠이텍스 바이오연구소 웹개발자 (정규직)
37,https://kr.indeed.com/viewjob?jk=a7b63456fe29200d,서버개발 엔지니어(사원~대리)
38,https://kr.indeed.com/viewjob?jk=496965b4187575a3,[유통대기업] 데이터 설계 ETL 개발 (대리~차장) 2명
39,https://kr.indeed.com/viewjob?jk=0df2999925f12355,Sr. Back-end Engineer (Query Understandi...
40,https://kr.indeed.com/viewjob?jk=220551aa57f5eed8,Technical Artist
41,https://kr.indeed.com/viewjob?jk=d24428ed26f0b058,디지털LAB 신기술파트
42,https://kr.indeed.com/viewjob?jk=bbf36187bf5002f0,서비스 개발 및 관리
43,https://kr.indeed.com/viewjob?jk=315c65b8337d3e7a,React Native Developer
44,https://kr.indeed.com/viewjob?jk=18d4b759113240ca,개인화 추천서비스 개발
45,https://kr.indeed.com/viewjob?jk=c16d65e660e7e744,"Principal, Data Engineer (Pricing Compet..."
46,https://kr.indeed.com/viewjob?jk=16dff836029458af,"모바일 앱 서버 개발(Java, Python)"
47,https://kr.indeed.com/viewjob?jk=f8ee4cfdf4dd6934,성장하는 핀테크 스타트업 BackEnd Developer 경력직
48,https://kr.indeed.com/viewjob?jk=4a1c1ef3e73ebc72,[믹스앤픽스] PHP 웹 개발자 경력직
49,https://kr.indeed.com/viewjob?jk=c193b65defa6a4ec,Web 개발
50,https://kr.indeed.com/viewjob?jk=e11bc11a4d72cc54,MPK / MPI-SD Joint Postdoctoral Position for Ultrafast Nonli...
0,https://kr.indeed.com/viewjob?jk=6863b8ecbee9cb28,Big Data Engineer
1,https://kr.indeed.com/viewjob?jk=e4a8d8095243c5bb,웹개발자 모집
2,https://kr.indeed.com/viewjob?jk=9b09565fe78ef392,DX혁신부문 Tech Lab Senior Machine Learning...
3,https://kr.indeed.com/viewjob?jk=5b466717bb497876,"JAVA, PHP 외 경력 정규직"
4,https://kr.indeed.com/viewjob?jk=06c262a673804071,Senior Data Architect
5,https://kr.indeed.com/viewjob?jk=509e7ab10e54f962,디지털마케팅본부 수신상품 기획 및 전략수립 경력자
6,https://kr.indeed.com/viewjob?jk=3d594f8990d3a797,Cloud System Engineer
7,https://kr.indeed.com/viewjob?jk=7a08f5e589b10a00,"Senior, Software Engineer (Search Qualit..."
8,https://kr.indeed.com/viewjob?jk=2936adf2a7318db5,웹개발자
9,https://kr.indeed.com/viewjob?jk=493a39e613f9971a,영상보안 Application 개발 및 수행
10,https://kr.indeed.com/viewjob?jk=81acb0a951cdde98,파이썬/자바스크립트 경력 정규직
11,https://kr.indeed.com/viewjob?jk=4801b7535e8bc40d,서버 개발(사원~과장급)
12,https://kr.indeed.com/viewjob?jk=dcc2877b33c5b511,보안 개발전문가
13,https://kr.indeed.com/viewjob?jk=5a0b53c0cc23d9a7,"Senior, Database Engineer (Storage Platf..."
14,https://kr.indeed.com/viewjob?jk=99d1b2e25887707d,기술 지원 및 개발 가능한 Technical Su...
15,https://kr.indeed.com/viewjob?jk=5620b1845a6fad85,Microsoft 기술지원(Azure)
16,https://kr.indeed.com/viewjob?jk=c8869aca354714a1,Server Developer(PHP)
17,https://kr.indeed.com/viewjob?jk=9cd311595b3e4bea,저축은행 소비자금융 Data Science
18,https://kr.indeed.com/viewjob?jk=1622a08497f8c091,Data Scientist
19,https://kr.indeed.com/viewjob?jk=a72ab5e8773b9ad8,빅데이터 개발(3년이상 경력)
20,https://kr.indeed.com/viewjob?jk=f5db97b4d95cbc04,VP of Engineering
21,https://kr.indeed.com/viewjob?jk=a758b91ea2f0dd2b,SW개발 매니저
22,https://kr.indeed.com/viewjob?jk=6561c937add50cc4,SW 개발
23,https://kr.indeed.com/viewjob?jk=7772fd53bc80acde,Senior Business Analyst (Retail Program...
24,https://kr.indeed.com/viewjob?jk=dcb07fd3748b0b94,서버 개발자
25,https://kr.indeed.com/viewjob?jk=074bbbc1b7c4d596,저축은행 디지털마케팅본부 데이터분석 경력자
26,https://kr.indeed.com/viewjob?jk=2d6e7d69a6ba52d6,전산팀 개발 담당
27,https://kr.indeed.com/viewjob?jk=94186b23eca3f106,Client Software Engineer - NFS (코어 엔지니어)
28,https://kr.indeed.com/viewjob?jk=e58c6fe6fd87f03e,Operations Associate (운영팀원) - 한국
29,https://kr.indeed.com/viewjob?jk=35cefd4d91c7b366,저축은행 앱마케팅팀
30,https://kr.indeed.com/viewjob?jk=5d6f265e064496e0,ICT 서비스본부 디지털LAB
31,https://kr.indeed.com/viewjob?jk=485b1cd148dc524a,Data Scientist
32,https://kr.indeed.com/viewjob?jk=8cf3625826afa063,Data Mining 개발(3년이상 경력)
33,https://kr.indeed.com/viewjob?jk=33fbfcd01ae23602,시스템 프로그래머
34,https://kr.indeed.com/viewjob?jk=6373005ce9ee17b0,cloud/saas개발
35,https://kr.indeed.com/viewjob?jk=51dcabafcf7a0bb0,저축은행 디지털뱅킹팀 데이터분석
36,https://kr.indeed.com/viewjob?jk=311976c5906e5c25,웹/응용프로그래머[JAVA]
37,https://kr.indeed.com/viewjob?jk=de242c6c5e9207a9,응용프로그래머[JAVA]
38,https://kr.indeed.com/viewjob?jk=989584aa51f96aa1,SW개발(3명)
39,https://kr.indeed.com/viewjob?jk=79da9b878d3d8709,저축은행 다이랙트마케팅팀 데이터분석
40,https://kr.indeed.com/viewjob?jk=b9d7168d0b32ad3d,"[경력] SW 개발자(FullStack Developer / PHP, M..."
41,https://kr.indeed.com/viewjob?jk=50d0ae3f24a94532,"로봇관련, R&D_로봇 Skill 개발"
42,https://kr.indeed.com/viewjob?jk=6f5f95ef23cb05f8,시니어 백엔드 개발자(Senior Back-end Developer)
43,https://kr.indeed.com/viewjob?jk=bfb3ee6d45d67013,저축은행 디지털금융본부 Data Science 팀 CSS운영 경력자
44,https://kr.indeed.com/viewjob?jk=806b07d4b07e4c47,SW Architect
45,https://kr.indeed.com/viewjob?jk=d04d5965fd332b3e,DW&BI팀 Data Architect
46,https://kr.indeed.com/viewjob?jk=ea7a7ab6e15151c1,WaveBridge BackEnd Developer 경력직
47,https://kr.indeed.com/viewjob?jk=a2089ff8a19a429f,Fullstack SW개발자
48,https://kr.indeed.com/viewjob?jk=caccb1d9be6bc918,운영(Business Operation Management) 경력자
49,https://kr.indeed.com/viewjob?jk=53ced11b1e0addce,저축은행 디지털뱅킹팀 데이터분석 경력
50,https://kr.indeed.com/viewjob?jk=e11bc11a4d72cc54,MPK / MPI-SD Joint Postdoctoral Position for Ultrafast Nonli...
0,https://kr.indeed.com/viewjob?jk=e11bc11a4d72cc54,MPK / MPI-SD Joint Postdoctoral Position for Ultrafast Nonli...
1,https://kr.indeed.com/viewjob?jk=f77d3487d877324a,저축은행 소비자금융 Data Science 팀
2,https://kr.indeed.com/viewjob?jk=43bf0c7e2b10e9b5,Operations Manager (운영팀장) - 한국
3,https://kr.indeed.com/viewjob?jk=7376f377161ea4f2,저축은행 소비자금융본부 Data Science 팀
4,https://kr.indeed.com/viewjob?jk=4e0b7f602fa05487,DevOps Developer(Cloud)
5,https://kr.indeed.com/viewjob?jk=8af16ddc1e1a33b3,DevOps 엔지니어(과장~차장급)
